loaded the theoretical results dict_keys([3.0, 5.0, 10.0, 15.0, 1.5])

key: 3.0
lambda_values: [0.0008  0.001   0.0011  0.0012  0.00125 0.0013  0.0014  0.0015  0.00175
 0.0018  0.0025  0.003   0.0035  0.004   0.005   0.0075  0.01    0.011
 0.0125  0.015   0.02    0.021   0.025   0.03    0.031   0.0325  0.035
 0.0375  0.04    0.041   0.0425  0.045   0.0475  0.05    0.051   0.0525
 0.055   0.0575  0.061   0.071   0.081   0.091   0.101   0.101   0.111
 0.121   0.131   0.141   0.151   0.161   0.171   0.181   0.191   0.201
 0.201   0.211   0.221   0.231   0.241   0.251   0.261   0.271   0.281
 0.291   0.301  ] 


key: 5.0
lambda_values: [0.      0.001   0.0011  0.00125 0.0013  0.0014  0.0015  0.00175 0.0025
 0.003   0.0035  0.004   0.005   0.0075  0.01    0.011   0.0125  0.015
 0.02    0.021   0.03    0.031   0.0325  0.035   0.0375  0.04    0.041
 0.0425  0.045   0.0475  0.05    0.051   0.0525  0.055   0.0575  0.061
 0.071   0.081   0.091   0.101   0.101   0.111   0.121   0.131   0.141
 0.151   0.161   0.171   0.181   0.191   0.201   0.201   0.211   0.221
 0.231   0.241   0.251   0.261   0.271   0.281   0.291   0.301  ] 


key: 10.0
lambda_values: [0.00e+00 2.50e-04 4.50e-04 1.00e-03 1.10e-03 1.25e-03 1.30e-03 1.40e-03
 1.75e-03 1.80e-03 2.50e-03 3.00e-03 3.50e-03 4.00e-03 4.50e-03 5.00e-03
 7.50e-03 1.00e-02 1.10e-02 1.25e-02 1.50e-02 2.00e-02 2.10e-02 3.00e-02
 3.10e-02 3.25e-02 3.50e-02 3.75e-02 4.00e-02 4.10e-02 4.25e-02 4.50e-02
 4.75e-02 5.00e-02 5.10e-02 5.25e-02 5.50e-02 5.75e-02 6.10e-02 7.10e-02
 7.50e-02 8.10e-02 9.10e-02 1.01e-01 1.01e-01 1.11e-01 1.21e-01 1.31e-01
 1.41e-01 1.51e-01 1.61e-01 1.71e-01 1.81e-01 1.91e-01 2.01e-01 2.01e-01
 2.11e-01 2.21e-01 2.31e-01 2.41e-01 2.51e-01 2.61e-01 2.71e-01 2.81e-01
 2.91e-01 3.01e-01] 


key: 15.0
lambda_values: [0.    0.005 0.01  0.015 0.02  0.025 0.03  0.035 0.04  0.045 0.05  0.055
 0.06  0.065 0.07  0.075 0.08  0.085 0.09  0.095] 


key: 1.5
lambda_values: [0.0015     0.0018     0.004      0.005      0.0065     0.009
 0.01       0.0115     0.014      0.015      0.0165     0.019
 0.02       0.0215     0.024      0.025      0.03       0.0325
 0.035      0.0375     0.04       0.0425     0.045      0.0475
 0.05       0.0525     0.055      0.0575     0.06       0.065
 0.07       0.075      0.08       0.085      0.09       0.095
 0.1        0.10555556 0.11111111 0.11666667 0.12222222 0.125
 0.12777778 0.13333333 0.13888889 0.14444444 0.15       0.175
 0.2        0.225      0.25       0.27       0.275      0.29      ] 

[Info] Test_Errors error plot saved to /home/asgkiana/landscape/MultinomialLogisticRegression/multinomial_logistic/log_data/Oct_data/figures/4_classes/regularized_errors/reg_test_errors_error_k4_k04_symmetric.pdf
[Info] Train_Errors error plot saved to /home/asgkiana/landscape/MultinomialLogisticRegression/multinomial_logistic/log_data/Oct_data/figures/4_classes/regularized_errors/reg_train_errors_error_k4_k04_symmetric.pdf
[Info] Misclassification_Test_Errors error plot saved to /home/asgkiana/landscape/MultinomialLogisticRegression/multinomial_logistic/log_data/Oct_data/figures/4_classes/regularized_errors/reg_misclassification_test_errors_error_k4_k04_symmetric.pdf
[Info] Norms error plot saved to /home/asgkiana/landscape/MultinomialLogisticRegression/multinomial_logistic/log_data/Oct_data/figures/4_classes/regularized_errors/reg_norms_error_k4_k04_symmetric.pdf
Running 3 classes FP for type_3 = three_classes_close
Appending to existing file: FP_solutions_(k=4,k0=4,lambda=0)_three_classes_close.json, alphas = [ 7.   8.   9.  10.  11.   6.  12.  13.  14.   5.6  5.8  5.5  5.4  5.2
  5.   4.9  4.8  4.6]

Running alpha = 7.5
******************** State evolution (α= 7.50, λ=0.0, R_00 = [14.24  13.58  13.58  14.24]) ********************
  --sphere_n_batches: 5020, n_points: 4015905088
  --sphere_n_batches: 10040, n_points: 4015905088
[Iter 1]     R01 error: 55.9753,   Schur error: 29.8235,   S error: 5.2345
S_next: tensor([2.3972, 1.2778, 1.2778, 1.2778, 1.2778, 2.3969, 1.2778, 1.2777, 1.2778,
        1.2778, 2.3972, 1.2778, 1.2778, 1.2777, 1.2778, 2.3972],
       device='cuda:0')
R_01_next: tensor([14.5055, 13.8259, 13.8146, 13.8146, 13.8245, 14.5248, 13.8217, 13.8217,
        13.8151, 13.8235, 14.4980, 13.8119, 13.8150, 13.8235, 13.8119, 14.4980],
       device='cuda:0')
schur_next: tensor([7.2404, 5.9755, 5.9748, 5.9748, 5.9755, 7.2424, 5.9751, 5.9751, 5.9748,
        5.9751, 7.2389, 5.9745, 5.9748, 5.9751, 5.9745, 7.2389],
       device='cuda:0')
  --sphere_n_batches: 5020, n_points: 4015905088
  --sphere_n_batches: 10040, n_points: 4015905088
[Iter 2]     R01 error: 9.0042,   Schur error: 10.3315,   S error: 2.4421
S_next: tensor([3.1946, 1.8121, 1.8112, 1.8112, 1.8121, 3.1946, 1.8119, 1.8119, 1.8112,
        1.8119, 3.1949, 1.8109, 1.8111, 1.8119, 1.8109, 3.1949],
       device='cuda:0')
R_01_next: tensor([16.8377, 16.0433, 16.0409, 16.0409, 16.0440, 16.8426, 16.0438, 16.0438,
        16.0409, 16.0430, 16.8368, 16.0404, 16.0408, 16.0430, 16.0404, 16.8368],
       device='cuda:0')
schur_next: tensor([4.9596, 3.2998, 3.2984, 3.2984, 3.2998, 4.9590, 3.2994, 3.2994, 3.2984,
        3.2995, 4.9598, 3.2979, 3.2984, 3.2994, 3.2979, 4.9598],
       device='cuda:0')
  --sphere_n_batches: 5020, n_points: 4015905088
  --sphere_n_batches: 10040, n_points: 4015905088
[Iter 3]     R01 error: 3.7366,   Schur error: 1.3609,   S error: 1.3939
S_next: tensor([3.6509, 2.1162, 2.1152, 2.1152, 2.1162, 3.6512, 2.1161, 2.1161, 2.1152,
        2.1161, 3.6513, 2.1150, 2.1152, 2.1161, 2.1150, 3.6512],
       device='cuda:0')
R_01_next: tensor([17.8087, 16.9641, 16.9630, 16.9630, 16.9655, 17.8124, 16.9654, 16.9654,
        16.9627, 16.9637, 17.8081, 16.9625, 16.9627, 16.9637, 16.9625, 17.8082],
       device='cuda:0')
schur_next: tensor([4.8392, 2.9132, 2.9116, 2.9116, 2.9132, 4.8397, 2.9129, 2.9129, 2.9116,
        2.9129, 4.8393, 2.9112, 2.9116, 2.9129, 2.9112, 4.8392],
       device='cuda:0')
  --sphere_n_batches: 5020, n_points: 4015905088
  --sphere_n_batches: 10040, n_points: 4015905088
[Iter 4]     R01 error: 2.6038,   Schur error: 0.6213,   S error: 0.8303
S_next: tensor([3.9216, 2.2979, 2.2969, 2.2969, 2.2979, 3.9220, 2.2978, 2.2978, 2.2969,
        2.2978, 3.9221, 2.2967, 2.2969, 2.2978, 2.2967, 3.9220],
       device='cuda:0')
R_01_next: tensor([18.4824, 17.6072, 17.6064, 17.6064, 17.6082, 18.4851, 17.6082, 17.6082,
        17.6061, 17.6069, 18.4821, 17.6061, 17.6062, 17.6069, 17.6061, 18.4821],
       device='cuda:0')
schur_next: tensor([5.1087, 3.0022, 3.0007, 3.0007, 3.0022, 5.1094, 3.0020, 3.0020, 3.0007,
        3.0020, 5.1088, 3.0004, 3.0007, 3.0020, 3.0003, 5.1087],
       device='cuda:0')
  --sphere_n_batches: 5020, n_points: 4015905088
  --sphere_n_batches: 10040, n_points: 4015905088
[Iter 5]     R01 error: 2.1339,   Schur error: 0.8768,   S error: 0.5474
S_next: tensor([4.0990, 2.4182, 2.4173, 2.4172, 2.4182, 4.0994, 2.4181, 2.4181, 2.4173,
        2.4181, 4.0995, 2.4171, 2.4172, 2.4181, 2.4171, 4.0994],
       device='cuda:0')
R_01_next: tensor([19.0318, 18.1352, 18.1346, 18.1346, 18.1360, 19.0340, 18.1360, 18.1360,
        18.1344, 18.1350, 19.0315, 18.1343, 18.1344, 18.1350, 18.1344, 19.0315],
       device='cuda:0')
schur_next: tensor([5.4175, 3.1818, 3.1803, 3.1802, 3.1818, 5.4184, 3.1816, 3.1815, 3.1803,
        3.1816, 5.4178, 3.1800, 3.1802, 3.1815, 3.1800, 5.4176],
       device='cuda:0')
  --sphere_n_batches: 5020, n_points: 4015905088
  --sphere_n_batches: 10040, n_points: 4015905088
[Iter 6]     R01 error: 1.7996,   Schur error: 0.8472,   S error: 0.4023
S_next: tensor([4.2280, 2.5073, 2.5064, 2.5063, 2.5073, 4.2284, 2.5072, 2.5072, 2.5064,
        2.5072, 4.2285, 2.5062, 2.5063, 2.5072, 2.5062, 4.2284],
       device='cuda:0')
R_01_next: tensor([19.4935, 18.5811, 18.5806, 18.5806, 18.5818, 19.4954, 18.5818, 18.5818,
        18.5804, 18.5809, 19.4933, 18.5803, 18.5804, 18.5809, 18.5804, 19.4933],
       device='cuda:0')
schur_next: tensor([5.6984, 3.3649, 3.3634, 3.3634, 3.3648, 5.6992, 3.3647, 3.3646, 3.3634,
        3.3647, 5.6987, 3.3631, 3.3634, 3.3646, 3.3631, 5.6985],
       device='cuda:0')
  --sphere_n_batches: 5020, n_points: 4015905088
  --sphere_n_batches: 10040, n_points: 4015905088
[Iter 7]     R01 error: 1.5186,   Schur error: 0.7554,   S error: 0.3171
S_next: tensor([4.3286, 2.5781, 2.5771, 2.5771, 2.5780, 4.3290, 2.5780, 2.5779, 2.5771,
        2.5780, 4.3291, 2.5770, 2.5771, 2.5779, 2.5770, 4.3291],
       device='cuda:0')
R_01_next: tensor([19.8823, 18.9576, 18.9572, 18.9572, 18.9582, 19.8840, 18.9582, 18.9582,
        18.9570, 18.9574, 19.8821, 18.9569, 18.9570, 18.9575, 18.9570, 19.8822],
       device='cuda:0')
schur_next: tensor([5.9419, 3.5315, 3.5301, 3.5300, 3.5315, 5.9427, 3.5314, 3.5313, 3.5301,
        3.5314, 5.9422, 3.5298, 3.5300, 3.5313, 3.5298, 5.9420],
       device='cuda:0')
  --sphere_n_batches: 5020, n_points: 4015905088
  --sphere_n_batches: 10040, n_points: 4015905088
[Iter 8]     R01 error: 1.2784,   Schur error: 0.6570,   S error: 0.2589
S_next: tensor([4.4101, 2.6361, 2.6352, 2.6351, 2.6361, 4.4105, 2.6360, 2.6360, 2.6352,
        2.6360, 4.4106, 2.6350, 2.6351, 2.6360, 2.6350, 4.4106],
       device='cuda:0')
R_01_next: tensor([20.2093, 19.2747, 19.2743, 19.2743, 19.2753, 20.2108, 19.2753, 19.2753,
        19.2741, 19.2745, 20.2091, 19.2741, 19.2742, 19.2746, 19.2742, 20.2092],
       device='cuda:0')
schur_next: tensor([6.1504, 3.6781, 3.6766, 3.6766, 3.6781, 6.1513, 3.6779, 3.6778, 3.6766,
        3.6779, 6.1507, 3.6763, 3.6766, 3.6778, 3.6763, 6.1506],
       device='cuda:0')
  --sphere_n_batches: 5020, n_points: 4015905088
  --sphere_n_batches: 10040, n_points: 4015905088
[Iter 9]     R01 error: 1.0746,   Schur error: 0.5658,   S error: 0.2147
S_next: tensor([4.4772, 2.6845, 2.6835, 2.6835, 2.6845, 4.4777, 2.6844, 2.6843, 2.6835,
        2.6844, 4.4778, 2.6834, 2.6835, 2.6843, 2.6834, 4.4777],
       device='cuda:0')
R_01_next: tensor([20.4839, 19.5413, 19.5410, 19.5410, 19.5419, 20.4853, 19.5419, 19.5419,
        19.5408, 19.5411, 20.4838, 19.5408, 19.5408, 19.5412, 19.5408, 20.4839],
       device='cuda:0')
schur_next: tensor([6.3283, 3.8051, 3.8036, 3.8035, 3.8051, 6.3292, 3.8049, 3.8048, 3.8036,
        3.8049, 6.3286, 3.8033, 3.8035, 3.8048, 3.8033, 6.3285],
       device='cuda:0')
  --sphere_n_batches: 5020, n_points: 4015905088
  --sphere_n_batches: 10040, n_points: 4015905088
[Iter 10]     R01 error: 0.9029,   Schur error: 0.4845,   S error: 0.1792
S_next: tensor([4.5331, 2.7249, 2.7240, 2.7239, 2.7249, 4.5335, 2.7248, 2.7248, 2.7240,
        2.7248, 4.5336, 2.7238, 2.7239, 2.7248, 2.7238, 4.5336],
       device='cuda:0')
R_01_next: tensor([20.7146, 19.7653, 19.7651, 19.7651, 19.7659, 20.7159, 19.7659, 19.7659,
        19.7649, 19.7652, 20.7145, 19.7649, 19.7649, 19.7652, 19.7649, 20.7145],
       device='cuda:0')
schur_next: tensor([6.4796, 3.9142, 3.9128, 3.9127, 3.9143, 6.4806, 3.9141, 3.9140, 3.9128,
        3.9141, 6.4800, 3.9125, 3.9127, 3.9140, 3.9125, 6.4799],
       device='cuda:0')
  --sphere_n_batches: 5020, n_points: 4015905088
  --sphere_n_batches: 10040, n_points: 4015905088
[Iter 11]     R01 error: 0.7588,   Schur error: 0.4135,   S error: 0.1501
S_next: tensor([4.5797, 2.7589, 2.7579, 2.7579, 2.7589, 4.5801, 2.7588, 2.7587, 2.7579,
        2.7588, 4.5803, 2.7578, 2.7579, 2.7587, 2.7578, 4.5802],
       device='cuda:0')
R_01_next: tensor([20.9084, 19.9536, 19.9534, 19.9534, 19.9542, 20.9096, 19.9542, 19.9542,
        19.9532, 19.9535, 20.9083, 19.9532, 19.9533, 19.9535, 19.9533, 20.9083],
       device='cuda:0')
schur_next: tensor([6.6083, 4.0077, 4.0062, 4.0062, 4.0077, 6.6092, 4.0075, 4.0075, 4.0062,
        4.0075, 6.6087, 4.0059, 4.0062, 4.0075, 4.0059, 6.6085],
       device='cuda:0')
  --sphere_n_batches: 5020, n_points: 4015905088
  --sphere_n_batches: 10040, n_points: 4015905088
[Iter 12]     R01 error: 0.6380,   Schur error: 0.3523,   S error: 0.1259
S_next: tensor([4.6188, 2.7874, 2.7864, 2.7864, 2.7874, 4.6192, 2.7873, 2.7873, 2.7864,
        2.7873, 4.6194, 2.7863, 2.7864, 2.7872, 2.7863, 4.6193],
       device='cuda:0')
R_01_next: tensor([21.0713, 20.1120, 20.1117, 20.1118, 20.1125, 21.0724, 20.1125, 20.1125,
        20.1116, 20.1118, 21.0712, 20.1116, 20.1116, 20.1119, 20.1116, 21.0712],
       device='cuda:0')
schur_next: tensor([6.7176, 4.0875, 4.0860, 4.0859, 4.0875, 6.7185, 4.0873, 4.0873, 4.0860,
        4.0873, 6.7180, 4.0857, 4.0859, 4.0872, 4.0857, 6.7178],
       device='cuda:0')
  --sphere_n_batches: 5020, n_points: 4015905088
  --sphere_n_batches: 10040, n_points: 4015905088
[Iter 13]     R01 error: 0.5367,   Schur error: 0.2996,   S error: 0.1058
S_next: tensor([4.6516, 2.8113, 2.8104, 2.8104, 2.8113, 4.6520, 2.8112, 2.8112, 2.8104,
        2.8112, 4.6521, 2.8102, 2.8103, 2.8112, 2.8102, 4.6521],
       device='cuda:0')
R_01_next: tensor([21.2083, 20.2452, 20.2450, 20.2450, 20.2457, 21.2094, 20.2457, 20.2457,
        20.2448, 20.2450, 21.2082, 20.2448, 20.2449, 20.2451, 20.2449, 21.2083],
       device='cuda:0')
schur_next: tensor([6.8103, 4.1554, 4.1539, 4.1538, 4.1554, 6.8112, 4.1552, 4.1552, 4.1539,
        4.1552, 6.8107, 4.1536, 4.1538, 4.1552, 4.1536, 6.8105],
       device='cuda:0')
  --sphere_n_batches: 5020, n_points: 4015905088
  --sphere_n_batches: 10040, n_points: 4015905088
[Iter 14]     R01 error: 0.4518,   Schur error: 0.2544,   S error: 0.0889
S_next: tensor([4.6791, 2.8315, 2.8305, 2.8305, 2.8315, 4.6795, 2.8314, 2.8314, 2.8305,
        2.8314, 4.6797, 2.8304, 2.8305, 2.8314, 2.8304, 4.6796],
       device='cuda:0')
R_01_next: tensor([21.3237, 20.3573, 20.3571, 20.3571, 20.3579, 21.3247, 20.3579, 20.3579,
        20.3569, 20.3571, 21.3235, 20.3569, 20.3570, 20.3572, 20.3570, 21.3236],
       device='cuda:0')
schur_next: tensor([6.8888, 4.2131, 4.2116, 4.2116, 4.2131, 6.8898, 4.2130, 4.2129, 4.2116,
        4.2130, 6.8893, 4.2113, 4.2116, 4.2129, 4.2114, 6.8891],
       device='cuda:0')
  --sphere_n_batches: 5020, n_points: 4015905088
  --sphere_n_batches: 10040, n_points: 4015905088
[Iter 15]     R01 error: 0.3805,   Schur error: 0.2159,   S error: 0.0748
S_next: tensor([4.7022, 2.8485, 2.8475, 2.8475, 2.8485, 4.7026, 2.8484, 2.8483, 2.8475,
        2.8484, 4.7028, 2.8474, 2.8475, 2.8483, 2.8474, 4.7028],
       device='cuda:0')
R_01_next: tensor([21.4208, 20.4517, 20.4516, 20.4516, 20.4523, 21.4218, 20.4523, 20.4523,
        20.4514, 20.4516, 21.4207, 20.4514, 20.4515, 20.4516, 20.4515, 21.4207],
       device='cuda:0')
schur_next: tensor([6.9555, 4.2622, 4.2607, 4.2606, 4.2622, 6.9563, 4.2620, 4.2619, 4.2607,
        4.2620, 6.9559, 4.2604, 4.2606, 4.2619, 4.2604, 6.9557],
       device='cuda:0')
  --sphere_n_batches: 5020, n_points: 4015905088
  --sphere_n_batches: 10040, n_points: 4015905088
[Iter 16]     R01 error: 0.3206,   Schur error: 0.1831,   S error: 0.0630
S_next: tensor([4.7217, 2.8628, 2.8618, 2.8618, 2.8628, 4.7221, 2.8627, 2.8626, 2.8618,
        2.8627, 4.7223, 2.8616, 2.8618, 2.8626, 2.8616, 4.7223],
       device='cuda:0')
R_01_next: tensor([21.5026, 20.5313, 20.5312, 20.5312, 20.5319, 21.5036, 20.5319, 20.5319,
        20.5310, 20.5311, 21.5025, 20.5310, 20.5311, 20.5312, 20.5311, 21.5026],
       device='cuda:0')
schur_next: tensor([7.0119, 4.3038, 4.3023, 4.3022, 4.3038, 7.0128, 4.3036, 4.3036, 4.3023,
        4.3036, 7.0123, 4.3020, 4.3022, 4.3036, 4.3020, 7.0121],
       device='cuda:0')
  --sphere_n_batches: 5020, n_points: 4015905088
  --sphere_n_batches: 10040, n_points: 4015905088
[Iter 17]     R01 error: 0.2703,   Schur error: 0.1552,   S error: 0.0531
S_next: tensor([4.7381, 2.8748, 2.8738, 2.8738, 2.8748, 4.7385, 2.8747, 2.8747, 2.8738,
        2.8747, 4.7387, 2.8737, 2.8738, 2.8747, 2.8737, 4.7387],
       device='cuda:0')
R_01_next: tensor([21.5716, 20.5984, 20.5983, 20.5983, 20.5990, 21.5726, 20.5990, 20.5990,
        20.5981, 20.5982, 21.5715, 20.5981, 20.5982, 20.5983, 20.5982, 21.5716],
       device='cuda:0')
schur_next: tensor([7.0597, 4.3391, 4.3376, 4.3375, 4.3391, 7.0605, 4.3389, 4.3389, 4.3376,
        4.3389, 7.0601, 4.3373, 4.3375, 4.3388, 4.3373, 7.0599],
       device='cuda:0')
  --sphere_n_batches: 5020, n_points: 4015905088
  --sphere_n_batches: 10040, n_points: 4015905088
[Iter 18]     R01 error: 0.2280,   Schur error: 0.1314,   S error: 0.0448
S_next: tensor([4.7520, 2.8850, 2.8840, 2.8840, 2.8850, 4.7524, 2.8849, 2.8848, 2.8840,
        2.8849, 4.7526, 2.8839, 2.8840, 2.8848, 2.8838, 4.7525],
       device='cuda:0')
R_01_next: tensor([21.6298, 20.6550, 20.6549, 20.6549, 20.6555, 21.6307, 20.6556, 20.6556,
        20.6547, 20.6548, 21.6297, 20.6547, 20.6548, 20.6549, 20.6547, 21.6297],
       device='cuda:0')
schur_next: tensor([7.1001, 4.3690, 4.3675, 4.3674, 4.3690, 7.1009, 4.3688, 4.3687, 4.3675,
        4.3688, 7.1006, 4.3672, 4.3674, 4.3688, 4.3672, 7.1004],
       device='cuda:0')
  --sphere_n_batches: 5020, n_points: 4015905088
  --sphere_n_batches: 10040, n_points: 4015905088
[Iter 19]     R01 error: 0.1923,   Schur error: 0.1113,   S error: 0.0377
S_next: tensor([4.7636, 2.8935, 2.8926, 2.8925, 2.8935, 4.7640, 2.8934, 2.8934, 2.8926,
        2.8934, 4.7642, 2.8924, 2.8925, 2.8934, 2.8924, 4.7642],
       device='cuda:0')
R_01_next: tensor([21.6789, 20.7027, 20.7026, 20.7026, 20.7033, 21.6798, 20.7033, 20.7033,
        20.7024, 20.7025, 21.6787, 20.7024, 20.7025, 20.7026, 20.7025, 21.6788],
       device='cuda:0')
schur_next: tensor([7.1343, 4.3943, 4.3928, 4.3927, 4.3943, 7.1352, 4.3941, 4.3941, 4.3928,
        4.3941, 7.1348, 4.3925, 4.3927, 4.3941, 4.3925, 7.1346],
       device='cuda:0')
  --sphere_n_batches: 5020, n_points: 4015905088
  --sphere_n_batches: 10040, n_points: 4015905088
[Iter 20]     R01 error: 0.1623,   Schur error: 0.0942,   S error: 0.0319
S_next: tensor([4.7735, 2.9008, 2.8998, 2.8998, 2.9008, 4.7739, 2.9007, 2.9006, 2.8998,
        2.9007, 4.7741, 2.8996, 2.8998, 2.9006, 2.8996, 4.7740],
       device='cuda:0')
R_01_next: tensor([21.7203, 20.7430, 20.7429, 20.7429, 20.7435, 21.7212, 20.7436, 20.7436,
        20.7427, 20.7428, 21.7202, 20.7427, 20.7428, 20.7429, 20.7428, 21.7202],
       device='cuda:0')
schur_next: tensor([7.1633, 4.4158, 4.4142, 4.4142, 4.4158, 7.1642, 4.4156, 4.4156, 4.4142,
        4.4156, 7.1638, 4.4140, 4.4142, 4.4155, 4.4140, 7.1636],
       device='cuda:0')
  --sphere_n_batches: 5020, n_points: 4015905088
  --sphere_n_batches: 10040, n_points: 4015905088
[Iter 21]     R01 error: 0.1370,   Schur error: 0.0797,   S error: 0.0269
S_next: tensor([4.7818, 2.9069, 2.9059, 2.9059, 2.9069, 4.7822, 2.9068, 2.9067, 2.9059,
        2.9068, 4.7824, 2.9057, 2.9059, 2.9067, 2.9057, 4.7823],
       device='cuda:0')
R_01_next: tensor([21.7553, 20.7770, 20.7769, 20.7769, 20.7775, 21.7561, 20.7776, 20.7776,
        20.7767, 20.7768, 21.7551, 20.7767, 20.7768, 20.7769, 20.7768, 21.7552],
       device='cuda:0')
schur_next: tensor([7.1878, 4.4339, 4.4324, 4.4323, 4.4339, 7.1887, 4.4337, 4.4337, 4.4324,
        4.4338, 7.1883, 4.4321, 4.4323, 4.4337, 4.4321, 7.1881],
       device='cuda:0')
  --sphere_n_batches: 5020, n_points: 4015905088
  --sphere_n_batches: 10040, n_points: 4015905088
[Iter 22]     R01 error: 0.1156,   Schur error: 0.0674,   S error: 0.0227
S_next: tensor([4.7888, 2.9120, 2.9110, 2.9110, 2.9120, 4.7892, 2.9119, 2.9119, 2.9110,
        2.9119, 4.7894, 2.9109, 2.9110, 2.9119, 2.9109, 4.7893],
       device='cuda:0')
R_01_next: tensor([21.7848, 20.8057, 20.8056, 20.8056, 20.8062, 21.7856, 20.8063, 20.8063,
        20.8054, 20.8055, 21.7846, 20.8054, 20.8055, 20.8056, 20.8055, 21.7847],
       device='cuda:0')
schur_next: tensor([7.2085, 4.4493, 4.4477, 4.4477, 4.4493, 7.2094, 4.4491, 4.4490, 4.4477,
        4.4491, 7.2090, 4.4475, 4.4477, 4.4490, 4.4475, 7.2088],
       device='cuda:0')
  --sphere_n_batches: 5020, n_points: 4015905088
  --sphere_n_batches: 10040, n_points: 4015905088
[Iter 23]     R01 error: 0.0976,   Schur error: 0.0571,   S error: 0.0191
S_next: tensor([4.7947, 2.9163, 2.9154, 2.9154, 2.9163, 4.7951, 2.9162, 2.9162, 2.9154,
        2.9162, 4.7953, 2.9152, 2.9154, 2.9162, 2.9152, 4.7952],
       device='cuda:0')
R_01_next: tensor([21.8097, 20.8299, 20.8298, 20.8299, 20.8305, 21.8105, 20.8305, 20.8305,
        20.8297, 20.8297, 21.8096, 20.8297, 20.8297, 20.8298, 20.8297, 21.8096],
       device='cuda:0')
schur_next: tensor([7.2260, 4.4623, 4.4607, 4.4607, 4.4623, 7.2269, 4.4621, 4.4620, 4.4607,
        4.4621, 7.2265, 4.4605, 4.4607, 4.4621, 4.4605, 7.2263],
       device='cuda:0')
  --sphere_n_batches: 5020, n_points: 4015905088
  --sphere_n_batches: 10040, n_points: 4015905088
[Iter 24]     R01 error: 0.0824,   Schur error: 0.0483,   S error: 0.0162
S_next: tensor([4.7997, 2.9200, 2.9190, 2.9190, 2.9200, 4.8001, 2.9199, 2.9199, 2.9190,
        2.9199, 4.8003, 2.9189, 2.9190, 2.9199, 2.9189, 4.8002],
       device='cuda:0')
R_01_next: tensor([21.8307, 20.8504, 20.8503, 20.8503, 20.8509, 21.8316, 20.8510, 20.8510,
        20.8501, 20.8502, 21.8306, 20.8501, 20.8502, 20.8503, 20.8502, 21.8307],
       device='cuda:0')
schur_next: tensor([7.2408, 4.4733, 4.4717, 4.4717, 4.4733, 7.2417, 4.4731, 4.4730, 4.4717,
        4.4731, 7.2413, 4.4715, 4.4717, 4.4731, 4.4715, 7.2412],
       device='cuda:0')
  --sphere_n_batches: 5020, n_points: 4015905088
  --sphere_n_batches: 10040, n_points: 4015905088
[Iter 25]     R01 error: 0.0696,   Schur error: 0.0408,   S error: 0.0136
S_next: tensor([4.8039, 2.9231, 2.9221, 2.9221, 2.9231, 4.8043, 2.9230, 2.9230, 2.9221,
        2.9230, 4.8045, 2.9220, 2.9221, 2.9230, 2.9220, 4.8044],
       device='cuda:0')
R_01_next: tensor([21.8485, 20.8677, 20.8676, 20.8676, 20.8682, 21.8493, 20.8683, 20.8683,
        20.8674, 20.8675, 21.8484, 20.8674, 20.8675, 20.8676, 20.8675, 21.8485],
       device='cuda:0')
schur_next: tensor([7.2533, 4.4826, 4.4810, 4.4810, 4.4826, 7.2543, 4.4824, 4.4824, 4.4810,
        4.4824, 7.2538, 4.4808, 4.4810, 4.4824, 4.4808, 7.2537],
       device='cuda:0')
  --sphere_n_batches: 5020, n_points: 4015905088
  --sphere_n_batches: 10040, n_points: 4015905088
[Iter 26]     R01 error: 0.0588,   Schur error: 0.0345,   S error: 0.0115
S_next: tensor([4.8074, 2.9257, 2.9248, 2.9247, 2.9257, 4.8078, 2.9256, 2.9256, 2.9248,
        2.9256, 4.8080, 2.9246, 2.9247, 2.9256, 2.9246, 4.8080],
       device='cuda:0')
R_01_next: tensor([21.8635, 20.8823, 20.8822, 20.8822, 20.8828, 21.8643, 20.8829, 20.8829,
        20.8820, 20.8821, 21.8634, 20.8820, 20.8821, 20.8822, 20.8821, 21.8635],
       device='cuda:0')
schur_next: tensor([7.2639, 4.4904, 4.4889, 4.4889, 4.4904, 7.2648, 4.4903, 4.4902, 4.4889,
        4.4903, 7.2644, 4.4886, 4.4889, 4.4902, 4.4886, 7.2643],
       device='cuda:0')
  --sphere_n_batches: 5020, n_points: 4015905088
  --sphere_n_batches: 10040, n_points: 4015905088
[Iter 27]     R01 error: 0.0497,   Schur error: 0.0292,   S error: 0.0097
S_next: tensor([4.8104, 2.9279, 2.9270, 2.9270, 2.9279, 4.8108, 2.9278, 2.9278, 2.9270,
        2.9278, 4.8110, 2.9268, 2.9269, 2.9278, 2.9268, 4.8110],
       device='cuda:0')
R_01_next: tensor([21.8762, 20.8946, 20.8945, 20.8946, 20.8952, 21.8770, 20.8952, 20.8952,
        20.8944, 20.8944, 21.8761, 20.8944, 20.8945, 20.8945, 20.8945, 21.8762],
       device='cuda:0')
schur_next: tensor([7.2729, 4.4971, 4.4956, 4.4955, 4.4971, 7.2738, 4.4969, 4.4969, 4.4956,
        4.4969, 7.2734, 4.4953, 4.4955, 4.4969, 4.4953, 7.2732],
       device='cuda:0')
  --sphere_n_batches: 5020, n_points: 4015905088
  --sphere_n_batches: 10040, n_points: 4015905088
[Iter 28]     R01 error: 0.0420,   Schur error: 0.0247,   S error: 0.0082
S_next: tensor([4.8130, 2.9298, 2.9288, 2.9288, 2.9298, 4.8134, 2.9297, 2.9297, 2.9288,
        2.9297, 4.8136, 2.9287, 2.9288, 2.9297, 2.9287, 4.8135],
       device='cuda:0')
R_01_next: tensor([21.8869, 20.9050, 20.9050, 20.9050, 20.9056, 21.8877, 20.9056, 20.9056,
        20.9048, 20.9049, 21.8868, 20.9048, 20.9049, 20.9049, 20.9049, 21.8869],
       device='cuda:0')
schur_next: tensor([7.2805, 4.5027, 4.5012, 4.5011, 4.5027, 7.2814, 4.5025, 4.5025, 4.5012,
        4.5026, 7.2810, 4.5009, 4.5011, 4.5025, 4.5009, 7.2808],
       device='cuda:0')
  --sphere_n_batches: 5020, n_points: 4015905088
  --sphere_n_batches: 10040, n_points: 4015905088
[Iter 29]     R01 error: 0.0355,   Schur error: 0.0209,   S error: 0.0070
S_next: tensor([4.8151, 2.9314, 2.9304, 2.9304, 2.9314, 4.8155, 2.9313, 2.9313, 2.9304,
        2.9313, 4.8157, 2.9303, 2.9304, 2.9313, 2.9303, 4.8157],
       device='cuda:0')
R_01_next: tensor([21.8960, 20.9138, 20.9138, 20.9138, 20.9144, 21.8968, 20.9144, 20.9144,
        20.9136, 20.9137, 21.8958, 20.9136, 20.9137, 20.9137, 20.9137, 21.8959],
       device='cuda:0')
schur_next: tensor([7.2869, 4.5075, 4.5059, 4.5059, 4.5075, 7.2878, 4.5073, 4.5073, 4.5059,
        4.5073, 7.2874, 4.5057, 4.5059, 4.5073, 4.5057, 7.2872],
       device='cuda:0')
  --sphere_n_batches: 5020, n_points: 4015905088
  --sphere_n_batches: 10040, n_points: 4015905088
[Iter 30]     R01 error: 0.0300,   Schur error: 0.0176,   S error: 0.0059
S_next: tensor([4.8169, 2.9327, 2.9317, 2.9317, 2.9327, 4.8173, 2.9326, 2.9326, 2.9317,
        2.9326, 4.8175, 2.9316, 2.9317, 2.9326, 2.9316, 4.8175],
       device='cuda:0')
R_01_next: tensor([21.9036, 20.9213, 20.9212, 20.9212, 20.9219, 21.9044, 20.9219, 20.9219,
        20.9211, 20.9211, 21.9035, 20.9211, 20.9211, 20.9212, 20.9211, 21.9036],
       device='cuda:0')
schur_next: tensor([7.2923, 4.5115, 4.5100, 4.5099, 4.5115, 7.2932, 4.5113, 4.5113, 4.5100,
        4.5113, 7.2928, 4.5097, 4.5099, 4.5113, 4.5097, 7.2926],
       device='cuda:0')
  --sphere_n_batches: 5020, n_points: 4015905088
  --sphere_n_batches: 10040, n_points: 4015905088
[Iter 31]     R01 error: 0.0253,   Schur error: 0.0150,   S error: 0.0050
S_next: tensor([4.8185, 2.9338, 2.9329, 2.9329, 2.9338, 4.8189, 2.9337, 2.9337, 2.9329,
        2.9338, 4.8191, 2.9327, 2.9329, 2.9337, 2.9327, 4.8190],
       device='cuda:0')
R_01_next: tensor([21.9101, 20.9276, 20.9275, 20.9275, 20.9281, 21.9109, 20.9282, 20.9282,
        20.9274, 20.9274, 21.9100, 20.9273, 20.9274, 20.9275, 20.9274, 21.9100],
       device='cuda:0')
schur_next: tensor([7.2969, 4.5149, 4.5134, 4.5133, 4.5149, 7.2978, 4.5147, 4.5147, 4.5134,
        4.5147, 7.2974, 4.5131, 4.5133, 4.5147, 4.5131, 7.2972],
       device='cuda:0')
  --sphere_n_batches: 5020, n_points: 4015905088
  --sphere_n_batches: 10040, n_points: 4015905088
[Iter 32]     R01 error: 0.0214,   Schur error: 0.0126,   S error: 0.0042
S_next: tensor([4.8198, 2.9348, 2.9338, 2.9338, 2.9348, 4.8202, 2.9347, 2.9347, 2.9338,
        2.9347, 4.8204, 2.9337, 2.9338, 2.9347, 2.9337, 4.8203],
       device='cuda:0')
R_01_next: tensor([21.9156, 20.9329, 20.9328, 20.9328, 20.9335, 21.9164, 20.9335, 20.9335,
        20.9327, 20.9327, 21.9154, 20.9327, 20.9327, 20.9328, 20.9327, 21.9155],
       device='cuda:0')
schur_next: tensor([7.3007, 4.5178, 4.5162, 4.5162, 4.5178, 7.3016, 4.5176, 4.5175, 4.5162,
        4.5176, 7.3012, 4.5160, 4.5162, 4.5175, 4.5160, 7.3011],
       device='cuda:0')
  --sphere_n_batches: 5020, n_points: 4015905088
  --sphere_n_batches: 10040, n_points: 4015905088
[Iter 33]     R01 error: 0.0181,   Schur error: 0.0107,   S error: 0.0036
S_next: tensor([4.8208, 2.9356, 2.9346, 2.9346, 2.9356, 4.8213, 2.9355, 2.9355, 2.9346,
        2.9355, 4.8215, 2.9345, 2.9346, 2.9355, 2.9345, 4.8214],
       device='cuda:0')
R_01_next: tensor([21.9202, 20.9374, 20.9373, 20.9373, 20.9379, 21.9210, 20.9380, 20.9380,
        20.9372, 20.9372, 21.9200, 20.9371, 20.9372, 20.9373, 20.9372, 21.9201],
       device='cuda:0')
schur_next: tensor([7.3040, 4.5202, 4.5187, 4.5186, 4.5202, 7.3049, 4.5200, 4.5200, 4.5187,
        4.5200, 7.3045, 4.5184, 4.5186, 4.5200, 4.5184, 7.3044],
       device='cuda:0')
  --sphere_n_batches: 5020, n_points: 4015905088
  --sphere_n_batches: 10040, n_points: 4015905088
[Iter 34]     R01 error: 0.0153,   Schur error: 0.0091,   S error: 0.0030
S_next: tensor([4.8218, 2.9363, 2.9353, 2.9353, 2.9363, 4.8222, 2.9362, 2.9362, 2.9353,
        2.9362, 4.8224, 2.9352, 2.9353, 2.9362, 2.9352, 4.8223],
       device='cuda:0')
R_01_next: tensor([21.9241, 20.9412, 20.9411, 20.9411, 20.9417, 21.9249, 20.9418, 20.9418,
        20.9409, 20.9410, 21.9239, 20.9409, 20.9410, 20.9411, 20.9410, 21.9240],
       device='cuda:0')
schur_next: tensor([7.3068, 4.5223, 4.5208, 4.5207, 4.5223, 7.3077, 4.5221, 4.5221, 4.5207,
        4.5221, 7.3073, 4.5205, 4.5207, 4.5221, 4.5205, 7.3071],
       device='cuda:0')
  --sphere_n_batches: 5020, n_points: 4015905088
  --sphere_n_batches: 10040, n_points: 4015905088
[Iter 35]     R01 error: 0.0129,   Schur error: 0.0076,   S error: 0.0025
S_next: tensor([4.8226, 2.9369, 2.9359, 2.9359, 2.9369, 4.8230, 2.9368, 2.9367, 2.9359,
        2.9368, 4.8232, 2.9357, 2.9359, 2.9368, 2.9358, 4.8231],
       device='cuda:0')
R_01_next: tensor([21.9274, 20.9444, 20.9443, 20.9443, 20.9450, 21.9282, 20.9450, 20.9450,
        20.9442, 20.9442, 21.9273, 20.9442, 20.9442, 20.9443, 20.9442, 21.9273],
       device='cuda:0')
schur_next: tensor([7.3091, 4.5240, 4.5225, 4.5224, 4.5240, 7.3100, 4.5238, 4.5238, 4.5225,
        4.5238, 7.3096, 4.5222, 4.5224, 4.5238, 4.5222, 7.3095],
       device='cuda:0')
  --sphere_n_batches: 5020, n_points: 4015905088
  --sphere_n_batches: 10040, n_points: 4015905088
[Iter 36]     R01 error: 0.0109,   Schur error: 0.0064,   S error: 0.0021
S_next: tensor([4.8232, 2.9374, 2.9364, 2.9364, 2.9373, 4.8236, 2.9372, 2.9372, 2.9364,
        2.9372, 4.8238, 2.9362, 2.9364, 2.9372, 2.9362, 4.8238],
       device='cuda:0')
R_01_next: tensor([21.9302, 20.9471, 20.9470, 20.9470, 20.9477, 21.9310, 20.9477, 20.9477,
        20.9469, 20.9469, 21.9300, 20.9469, 20.9469, 20.9470, 20.9469, 21.9301],
       device='cuda:0')
schur_next: tensor([7.3111, 4.5255, 4.5239, 4.5239, 4.5255, 7.3120, 4.5253, 4.5252, 4.5239,
        4.5253, 7.3116, 4.5237, 4.5239, 4.5253, 4.5237, 7.3115],
       device='cuda:0')
  --sphere_n_batches: 5020, n_points: 4015905088
  --sphere_n_batches: 10040, n_points: 4015905088
[Iter 37]     R01 error: 0.0092,   Schur error: 0.0055,   S error: 0.0018
S_next: tensor([4.8238, 2.9378, 2.9368, 2.9368, 2.9378, 4.8242, 2.9377, 2.9376, 2.9368,
        2.9377, 4.8244, 2.9366, 2.9368, 2.9377, 2.9366, 4.8243],
       device='cuda:0')
R_01_next: tensor([21.9325, 20.9494, 20.9493, 20.9493, 20.9500, 21.9333, 20.9500, 20.9500,
        20.9492, 20.9492, 21.9324, 20.9492, 20.9492, 20.9493, 20.9492, 21.9325],
       device='cuda:0')
schur_next: tensor([7.3128, 4.5267, 4.5252, 4.5251, 4.5267, 7.3137, 4.5265, 4.5265, 4.5252,
        4.5265, 7.3133, 4.5249, 4.5251, 4.5265, 4.5249, 7.3131],
       device='cuda:0')

Running alpha = 6.5
******************** State evolution (α= 6.50, λ=0.0, R_00 = [14.24  13.58  13.58  14.24]) ********************
  --sphere_n_batches: 5020, n_points: 4015905088
  --sphere_n_batches: 10040, n_points: 4015905088
[Iter 1]     R01 error: 0.0092,   Schur error: 3.3041,   S error: 2.1590
S_next: tensor([5.5659, 3.3897, 3.3886, 3.3886, 3.3897, 5.5664, 3.3896, 3.3896, 3.3886,
        3.3896, 5.5666, 3.3884, 3.3886, 3.3896, 3.3884, 5.5666],
       device='cuda:0')
R_01_next: tensor([21.9325, 20.9494, 20.9493, 20.9493, 20.9500, 21.9333, 20.9500, 20.9500,
        20.9492, 20.9492, 21.9324, 20.9492, 20.9492, 20.9493, 20.9492, 21.9325],
       device='cuda:0')
schur_next: tensor([8.4378, 5.2232, 5.2214, 5.2213, 5.2231, 8.4388, 5.2229, 5.2229, 5.2213,
        5.2229, 8.4384, 5.2210, 5.2213, 5.2229, 5.2211, 8.4382],
       device='cuda:0')
  --sphere_n_batches: 5020, n_points: 4015905088
  --sphere_n_batches: 10040, n_points: 4015905088
[Iter 2]     R01 error: 1.0143,   Schur error: 1.4353,   S error: 0.9430
S_next: tensor([5.8947, 3.5849, 3.5837, 3.5837, 3.5849, 5.8952, 3.5848, 3.5847, 3.5837,
        3.5848, 5.8954, 3.5835, 3.5837, 3.5847, 3.5835, 5.8953],
       device='cuda:0')
R_01_next: tensor([22.2036, 21.1969, 21.1967, 21.1967, 21.1976, 22.2052, 21.1976, 21.1976,
        21.1963, 21.1966, 22.2033, 21.1963, 21.1964, 21.1967, 21.1964, 22.2035],
       device='cuda:0')
schur_next: tensor([8.9594, 5.5078, 5.5060, 5.5059, 5.5078, 8.9605, 5.5076, 5.5075, 5.5060,
        5.5076, 8.9599, 5.5056, 5.5059, 5.5076, 5.5057, 8.9596],
       device='cuda:0')
  --sphere_n_batches: 5020, n_points: 4015905088
  --sphere_n_batches: 10040, n_points: 4015905088
[Iter 3]     R01 error: 1.2194,   Schur error: 1.0314,   S error: 0.5491
S_next: tensor([6.0853, 3.6990, 3.6977, 3.6977, 3.6990, 6.0858, 3.6988, 3.6988, 3.6977,
        3.6988, 6.0860, 3.6975, 3.6977, 3.6988, 3.6975, 6.0859],
       device='cuda:0')
R_01_next: tensor([22.5221, 21.4972, 21.4968, 21.4968, 21.4977, 22.5237, 21.4978, 21.4978,
        21.4965, 21.4968, 22.5219, 21.4964, 21.4966, 21.4969, 21.4966, 22.5220],
       device='cuda:0')
schur_next: tensor([9.3316, 5.7140, 5.7120, 5.7119, 5.7140, 9.3327, 5.7138, 5.7137, 5.7120,
        5.7138, 9.3321, 5.7117, 5.7120, 5.7137, 5.7117, 9.3318],
       device='cuda:0')
  --sphere_n_batches: 5020, n_points: 4015905088
  --sphere_n_batches: 10040, n_points: 4015905088
[Iter 4]     R01 error: 1.1929,   Schur error: 0.9069,   S error: 0.3934
S_next: tensor([6.2187, 3.7824, 3.7811, 3.7811, 3.7824, 6.2193, 3.7823, 3.7822, 3.7811,
        3.7823, 6.2195, 3.7809, 3.7811, 3.7822, 3.7809, 6.2193],
       device='cuda:0')
R_01_next: tensor([22.8308, 21.7919, 21.7915, 21.7915, 21.7924, 22.8323, 21.7924, 21.7924,
        21.7911, 21.7915, 22.8305, 21.7911, 21.7913, 21.7916, 21.7913, 22.8306],
       device='cuda:0')
schur_next: tensor([9.6457, 5.9029, 5.9007, 5.9007, 5.9028, 9.6469, 5.9026, 5.9025, 5.9008,
        5.9026, 9.6462, 5.9004, 5.9007, 5.9025, 5.9004, 9.6459],
       device='cuda:0')
  --sphere_n_batches: 5020, n_points: 4015905088
  --sphere_n_batches: 10040, n_points: 4015905088
[Iter 5]     R01 error: 1.0993,   Schur error: 0.8277,   S error: 0.3151
S_next: tensor([6.3231, 3.8506, 3.8493, 3.8492, 3.8506, 6.3236, 3.8505, 3.8504, 3.8493,
        3.8504, 6.3238, 3.8490, 3.8492, 3.8504, 3.8490, 6.3237],
       device='cuda:0')
R_01_next: tensor([23.1139, 22.0639, 22.0636, 22.0636, 22.0644, 23.1153, 22.0645, 22.0645,
        22.0632, 22.0635, 23.1136, 22.0632, 22.0633, 22.0637, 22.0633, 23.1137],
       device='cuda:0')
schur_next: tensor([9.9225, 6.0805, 6.0784, 6.0783, 6.0805, 9.9238, 6.0803, 6.0802, 6.0783,
        6.0802, 9.9230, 6.0779, 6.0782, 6.0802, 6.0779, 9.9227],
       device='cuda:0')
  --sphere_n_batches: 5020, n_points: 4015905088
  --sphere_n_batches: 10040, n_points: 4015905088
[Iter 6]     R01 error: 0.9890,   Schur error: 0.7527,   S error: 0.2659
S_next: tensor([6.4095, 3.9090, 3.9076, 3.9076, 3.9089, 6.4101, 3.9088, 3.9088, 3.9076,
        3.9088, 6.4103, 3.9074, 3.9076, 3.9088, 3.9074, 6.4101],
       device='cuda:0')
R_01_next: tensor([23.3679, 22.3089, 22.3086, 22.3086, 22.3094, 23.3693, 22.3094, 22.3094,
        22.3081, 22.3085, 23.3676, 22.3081, 22.3083, 22.3086, 22.3083, 23.3678],
       device='cuda:0')
schur_next: tensor([10.1682,  6.2451,  6.2429,  6.2428,  6.2451, 10.1696,  6.2449,  6.2448,
         6.2428,  6.2448, 10.1687,  6.2425,  6.2428,  6.2448,  6.2425, 10.1684],
       device='cuda:0')
  --sphere_n_batches: 5020, n_points: 4015905088
  --sphere_n_batches: 10040, n_points: 4015905088
[Iter 7]     R01 error: 0.8796,   Schur error: 0.6787,   S error: 0.2295
S_next: tensor([6.4831, 3.9598, 3.9584, 3.9584, 3.9598, 6.4837, 3.9596, 3.9596, 3.9584,
        3.9596, 6.4839, 3.9582, 3.9584, 3.9596, 3.9582, 6.4837],
       device='cuda:0')
R_01_next: tensor([23.5935, 22.5268, 22.5266, 22.5266, 22.5273, 23.5948, 22.5274, 22.5274,
        22.5261, 22.5264, 23.5932, 22.5261, 22.5263, 22.5266, 22.5263, 23.5933],
       device='cuda:0')
schur_next: tensor([10.3864,  6.3952,  6.3929,  6.3929,  6.3952, 10.3877,  6.3949,  6.3949,
         6.3929,  6.3950, 10.3869,  6.3926,  6.3928,  6.3949,  6.3925, 10.3866],
       device='cuda:0')
  --sphere_n_batches: 5020, n_points: 4015905088
  --sphere_n_batches: 10040, n_points: 4015905088
[Iter 8]     R01 error: 0.7774,   Schur error: 0.6078,   S error: 0.1999
S_next: tensor([6.5467, 4.0043, 4.0029, 4.0029, 4.0043, 6.5472, 4.0042, 4.0041, 4.0029,
        4.0042, 6.5475, 4.0027, 4.0029, 4.0041, 4.0027, 6.5473],
       device='cuda:0')
R_01_next: tensor([23.7927, 22.7195, 22.7193, 22.7193, 22.7201, 23.7939, 22.7201, 22.7201,
        22.7189, 22.7191, 23.7923, 22.7189, 22.7190, 22.7193, 22.7190, 23.7925],
       device='cuda:0')
schur_next: tensor([10.5798,  6.5306,  6.5283,  6.5282,  6.5306, 10.5811,  6.5303,  6.5302,
         6.5283,  6.5303, 10.5803,  6.5279,  6.5282,  6.5302,  6.5279, 10.5799],
       device='cuda:0')
  --sphere_n_batches: 5020, n_points: 4015905088
  --sphere_n_batches: 10040, n_points: 4015905088
[Iter 9]     R01 error: 0.6849,   Schur error: 0.5413,   S error: 0.1748
S_next: tensor([6.6020, 4.0434, 4.0420, 4.0420, 4.0434, 6.6025, 4.0432, 4.0432, 4.0420,
        4.0432, 6.6028, 4.0418, 4.0420, 4.0432, 4.0418, 6.6026],
       device='cuda:0')
R_01_next: tensor([23.9680, 22.8894, 22.8891, 22.8891, 22.8899, 23.9692, 22.8899, 22.8899,
        22.8887, 22.8889, 23.9677, 22.8887, 22.8889, 22.8891, 22.8889, 23.9679],
       device='cuda:0')
schur_next: tensor([10.7508,  6.6517,  6.6493,  6.6493,  6.6517, 10.7522,  6.6514,  6.6513,
         6.6493,  6.6514, 10.7514,  6.6489,  6.6492,  6.6513,  6.6489, 10.7510],
       device='cuda:0')
  --sphere_n_batches: 5020, n_points: 4015905088
  --sphere_n_batches: 10040, n_points: 4015905088
[Iter 10]     R01 error: 0.6022,   Schur error: 0.4808,   S error: 0.1531
S_next: tensor([6.6502, 4.0777, 4.0763, 4.0763, 4.0777, 6.6508, 4.0775, 4.0775, 4.0763,
        4.0775, 6.6510, 4.0761, 4.0763, 4.0775, 4.0761, 6.6508],
       device='cuda:0')
R_01_next: tensor([24.1221, 23.0387, 23.0385, 23.0385, 23.0392, 24.1233, 23.0392, 23.0392,
        23.0380, 23.0383, 24.1218, 23.0380, 23.0382, 23.0384, 23.0382, 24.1220],
       device='cuda:0')
schur_next: tensor([10.9021,  6.7595,  6.7572,  6.7571,  6.7596, 10.9034,  6.7593,  6.7592,
         6.7572,  6.7593, 10.9026,  6.7568,  6.7571,  6.7592,  6.7568, 10.9023],
       device='cuda:0')
  --sphere_n_batches: 5020, n_points: 4015905088
  --sphere_n_batches: 10040, n_points: 4015905088
[Iter 11]     R01 error: 0.5290,   Schur error: 0.4261,   S error: 0.1342
S_next: tensor([6.6924, 4.1078, 4.1064, 4.1064, 4.1078, 6.6930, 4.1077, 4.1076, 4.1064,
        4.1077, 6.6932, 4.1062, 4.1064, 4.1076, 4.1062, 6.6930],
       device='cuda:0')
R_01_next: tensor([24.2575, 23.1699, 23.1697, 23.1697, 23.1704, 24.2586, 23.1704, 23.1704,
        23.1693, 23.1695, 24.2572, 23.1692, 23.1694, 23.1696, 23.1694, 24.2574],
       device='cuda:0')
schur_next: tensor([11.0357,  6.8553,  6.8529,  6.8529,  6.8554, 11.0371,  6.8551,  6.8550,
         6.8530,  6.8551, 11.0363,  6.8526,  6.8529,  6.8550,  6.8526, 11.0360],
       device='cuda:0')
  --sphere_n_batches: 5020, n_points: 4015905088
  --sphere_n_batches: 10040, n_points: 4015905088
[Iter 12]     R01 error: 0.4645,   Schur error: 0.3768,   S error: 0.1176
S_next: tensor([6.7293, 4.1342, 4.1329, 4.1328, 4.1343, 6.7299, 4.1341, 4.1341, 4.1329,
        4.1341, 6.7302, 4.1326, 4.1328, 4.1341, 4.1326, 6.7300],
       device='cuda:0')
R_01_next: tensor([24.3763, 23.2851, 23.2849, 23.2849, 23.2856, 24.3774, 23.2856, 23.2857,
        23.2845, 23.2847, 24.3760, 23.2845, 23.2847, 23.2849, 23.2847, 24.3762],
       device='cuda:0')
schur_next: tensor([11.1537,  6.9402,  6.9378,  6.9377,  6.9402, 11.1550,  6.9399,  6.9399,
         6.9378,  6.9399, 11.1543,  6.9374,  6.9377,  6.9398,  6.9374, 11.1539],
       device='cuda:0')
  --sphere_n_batches: 5020, n_points: 4015905088
  --sphere_n_batches: 10040, n_points: 4015905088
[Iter 13]     R01 error: 0.4078,   Schur error: 0.3333,   S error: 0.1032
S_next: tensor([6.7617, 4.1575, 4.1561, 4.1560, 4.1575, 6.7623, 4.1573, 4.1573, 4.1561,
        4.1573, 6.7625, 4.1558, 4.1560, 4.1573, 4.1558, 6.7624],
       device='cuda:0')
R_01_next: tensor([24.4807, 23.3862, 23.3861, 23.3861, 23.3868, 24.4817, 23.3868, 23.3868,
        23.3856, 23.3858, 24.4804, 23.3856, 23.3858, 23.3860, 23.3858, 24.4805],
       device='cuda:0')
schur_next: tensor([11.2578,  7.0153,  7.0129,  7.0128,  7.0153, 11.2592,  7.0150,  7.0149,
         7.0129,  7.0150, 11.2584,  7.0125,  7.0128,  7.0150,  7.0125, 11.2581],
       device='cuda:0')
  --sphere_n_batches: 5020, n_points: 4015905088
  --sphere_n_batches: 10040, n_points: 4015905088
[Iter 14]     R01 error: 0.3581,   Schur error: 0.2942,   S error: 0.0906
S_next: tensor([6.7901, 4.1778, 4.1764, 4.1764, 4.1778, 6.7906, 4.1777, 4.1776, 4.1764,
        4.1777, 6.7909, 4.1762, 4.1764, 4.1776, 4.1762, 6.7907],
       device='cuda:0')
R_01_next: tensor([24.5723, 23.4751, 23.4749, 23.4750, 23.4756, 24.5733, 23.4756, 23.4756,
        23.4745, 23.4747, 24.5720, 23.4745, 23.4747, 23.4748, 23.4747, 24.5722],
       device='cuda:0')
schur_next: tensor([11.3497,  7.0817,  7.0793,  7.0792,  7.0817, 11.3510,  7.0814,  7.0813,
         7.0792,  7.0814, 11.3502,  7.0789,  7.0792,  7.0813,  7.0789, 11.3499],
       device='cuda:0')
  --sphere_n_batches: 5020, n_points: 4015905088
  --sphere_n_batches: 10040, n_points: 4015905088
[Iter 15]     R01 error: 0.3145,   Schur error: 0.2595,   S error: 0.0794
S_next: tensor([6.8150, 4.1957, 4.1943, 4.1943, 4.1957, 6.8155, 4.1956, 4.1955, 4.1943,
        4.1956, 6.8158, 4.1941, 4.1943, 4.1955, 4.1941, 6.8156],
       device='cuda:0')
R_01_next: tensor([24.6527, 23.5531, 23.5530, 23.5530, 23.5536, 24.6537, 23.5536, 23.5537,
        23.5525, 23.5527, 24.6524, 23.5525, 23.5527, 23.5528, 23.5527, 24.6526],
       device='cuda:0')
schur_next: tensor([11.4306,  7.1403,  7.1378,  7.1377,  7.1403, 11.4319,  7.1400,  7.1399,
         7.1378,  7.1399, 11.4311,  7.1374,  7.1377,  7.1399,  7.1374, 11.4308],
       device='cuda:0')
  --sphere_n_batches: 5020, n_points: 4015905088
  --sphere_n_batches: 10040, n_points: 4015905088
[Iter 16]     R01 error: 0.2762,   Schur error: 0.2291,   S error: 0.0698
S_next: tensor([6.8368, 4.2114, 4.2100, 4.2100, 4.2114, 6.8374, 4.2113, 4.2112, 4.2100,
        4.2113, 6.8377, 4.2098, 4.2100, 4.2112, 4.2098, 6.8375],
       device='cuda:0')
R_01_next: tensor([24.7234, 23.6216, 23.6215, 23.6215, 23.6221, 24.7244, 23.6221, 23.6222,
        23.6210, 23.6212, 24.7231, 23.6210, 23.6212, 23.6214, 23.6212, 24.7232],
       device='cuda:0')
schur_next: tensor([11.5019,  7.1920,  7.1895,  7.1894,  7.1920, 11.5033,  7.1917,  7.1916,
         7.1895,  7.1917, 11.5025,  7.1891,  7.1894,  7.1916,  7.1891, 11.5022],
       device='cuda:0')
  --sphere_n_batches: 5020, n_points: 4015905088
  --sphere_n_batches: 10040, n_points: 4015905088
[Iter 17]     R01 error: 0.2427,   Schur error: 0.2019,   S error: 0.0613
S_next: tensor([6.8560, 4.2252, 4.2238, 4.2238, 4.2252, 6.8566, 4.2251, 4.2250, 4.2238,
        4.2251, 6.8568, 4.2236, 4.2238, 4.2250, 4.2236, 6.8567],
       device='cuda:0')
R_01_next: tensor([24.7854, 23.6818, 23.6817, 23.6817, 23.6823, 24.7864, 23.6823, 23.6824,
        23.6812, 23.6814, 24.7851, 23.6812, 23.6814, 23.6815, 23.6814, 24.7853],
       device='cuda:0')
schur_next: tensor([11.5648,  7.2376,  7.2351,  7.2350,  7.2376, 11.5662,  7.2373,  7.2372,
         7.2351,  7.2373, 11.5654,  7.2347,  7.2350,  7.2372,  7.2347, 11.5651],
       device='cuda:0')
  --sphere_n_batches: 5020, n_points: 4015905088
  --sphere_n_batches: 10040, n_points: 4015905088
[Iter 18]     R01 error: 0.2132,   Schur error: 0.1780,   S error: 0.0538
S_next: tensor([6.8729, 4.2373, 4.2359, 4.2359, 4.2373, 6.8734, 4.2372, 4.2371, 4.2359,
        4.2372, 6.8737, 4.2357, 4.2359, 4.2371, 4.2357, 6.8735],
       device='cuda:0')
R_01_next: tensor([24.8400, 23.7347, 23.7346, 23.7346, 23.7352, 24.8409, 23.7352, 23.7352,
        23.7341, 23.7342, 24.8396, 23.7341, 23.7343, 23.7344, 23.7343, 24.8398],
       device='cuda:0')
schur_next: tensor([11.6203,  7.2778,  7.2753,  7.2752,  7.2778, 11.6216,  7.2775,  7.2774,
         7.2753,  7.2775, 11.6209,  7.2749,  7.2752,  7.2774,  7.2749, 11.6205],
       device='cuda:0')
  --sphere_n_batches: 5020, n_points: 4015905088
  --sphere_n_batches: 10040, n_points: 4015905088
[Iter 19]     R01 error: 0.1874,   Schur error: 0.1567,   S error: 0.0473
S_next: tensor([6.8877, 4.2480, 4.2466, 4.2465, 4.2480, 6.8882, 4.2478, 4.2478, 4.2466,
        4.2478, 6.8885, 4.2463, 4.2465, 4.2478, 4.2463, 6.8883],
       device='cuda:0')
R_01_next: tensor([24.8879, 23.7811, 23.7810, 23.7811, 23.7817, 24.8888, 23.7817, 23.7817,
        23.7806, 23.7807, 24.8876, 23.7806, 23.7808, 23.7809, 23.7808, 24.8878],
       device='cuda:0')
schur_next: tensor([11.6691,  7.3132,  7.3107,  7.3106,  7.3132, 11.6704,  7.3129,  7.3128,
         7.3107,  7.3129, 11.6697,  7.3103,  7.3106,  7.3128,  7.3103, 11.6693],
       device='cuda:0')
  --sphere_n_batches: 5020, n_points: 4015905088
  --sphere_n_batches: 10040, n_points: 4015905088
[Iter 20]     R01 error: 0.1647,   Schur error: 0.1382,   S error: 0.0415
S_next: tensor([6.9006, 4.2573, 4.2559, 4.2559, 4.2573, 6.9012, 4.2572, 4.2571, 4.2559,
        4.2572, 6.9015, 4.2557, 4.2559, 4.2571, 4.2557, 6.9013],
       device='cuda:0')
R_01_next: tensor([24.9300, 23.8220, 23.8219, 23.8219, 23.8225, 24.9309, 23.8225, 23.8225,
        23.8214, 23.8216, 24.9297, 23.8214, 23.8216, 23.8217, 23.8216, 24.9299],
       device='cuda:0')
schur_next: tensor([11.7120,  7.3444,  7.3419,  7.3418,  7.3444, 11.7134,  7.3441,  7.3440,
         7.3419,  7.3441, 11.7127,  7.3416,  7.3419,  7.3440,  7.3416, 11.7123],
       device='cuda:0')
  --sphere_n_batches: 5020, n_points: 4015905088
  --sphere_n_batches: 10040, n_points: 4015905088
[Iter 21]     R01 error: 0.1447,   Schur error: 0.1218,   S error: 0.0365
S_next: tensor([6.9121, 4.2655, 4.2641, 4.2641, 4.2655, 6.9126, 4.2654, 4.2653, 4.2641,
        4.2654, 6.9129, 4.2639, 4.2641, 4.2653, 4.2639, 6.9127],
       device='cuda:0')
R_01_next: tensor([24.9670, 23.8579, 23.8578, 23.8578, 23.8584, 24.9679, 23.8584, 23.8584,
        23.8573, 23.8574, 24.9667, 23.8573, 23.8575, 23.8576, 23.8575, 24.9669],
       device='cuda:0')
schur_next: tensor([11.7500,  7.3720,  7.3695,  7.3694,  7.3720, 11.7513,  7.3717,  7.3716,
         7.3695,  7.3717, 11.7506,  7.3691,  7.3694,  7.3716,  7.3691, 11.7502],
       device='cuda:0')
  --sphere_n_batches: 5020, n_points: 4015905088
  --sphere_n_batches: 10040, n_points: 4015905088
[Iter 22]     R01 error: 0.1273,   Schur error: 0.1072,   S error: 0.0321
S_next: tensor([6.9221, 4.2728, 4.2714, 4.2713, 4.2728, 6.9227, 4.2726, 4.2726, 4.2713,
        4.2726, 6.9229, 4.2711, 4.2713, 4.2726, 4.2711, 6.9228],
       device='cuda:0')
R_01_next: tensor([24.9995, 23.8894, 23.8894, 23.8894, 23.8900, 25.0004, 23.8900, 23.8900,
        23.8889, 23.8890, 24.9992, 23.8889, 23.8891, 23.8892, 23.8891, 24.9994],
       device='cuda:0')
schur_next: tensor([11.7833,  7.3962,  7.3937,  7.3936,  7.3962, 11.7847,  7.3959,  7.3958,
         7.3937,  7.3959, 11.7839,  7.3933,  7.3936,  7.3958,  7.3933, 11.7835],
       device='cuda:0')
  --sphere_n_batches: 5020, n_points: 4015905088
  --sphere_n_batches: 10040, n_points: 4015905088
[Iter 23]     R01 error: 0.1119,   Schur error: 0.0945,   S error: 0.0282
S_next: tensor([6.9309, 4.2791, 4.2777, 4.2777, 4.2791, 6.9315, 4.2789, 4.2789, 4.2777,
        4.2790, 6.9318, 4.2775, 4.2777, 4.2789, 4.2775, 6.9316],
       device='cuda:0')
R_01_next: tensor([25.0282, 23.9172, 23.9171, 23.9171, 23.9177, 25.0290, 23.9177, 23.9178,
        23.9167, 23.9168, 25.0278, 23.9167, 23.9169, 23.9170, 23.9169, 25.0280],
       device='cuda:0')
schur_next: tensor([11.8127,  7.4175,  7.4150,  7.4150,  7.4175, 11.8140,  7.4172,  7.4172,
         7.4150,  7.4173, 11.8133,  7.4147,  7.4150,  7.4172,  7.4147, 11.8129],
       device='cuda:0')
  --sphere_n_batches: 5020, n_points: 4015905088
  --sphere_n_batches: 10040, n_points: 4015905088
[Iter 24]     R01 error: 0.0984,   Schur error: 0.0832,   S error: 0.0248
S_next: tensor([6.9387, 4.2847, 4.2833, 4.2832, 4.2847, 6.9392, 4.2845, 4.2845, 4.2833,
        4.2845, 6.9395, 4.2830, 4.2832, 4.2845, 4.2830, 6.9394],
       device='cuda:0')
R_01_next: tensor([25.0533, 23.9416, 23.9415, 23.9416, 23.9421, 25.0542, 23.9422, 23.9422,
        23.9411, 23.9412, 25.0530, 23.9411, 23.9413, 23.9414, 23.9413, 25.0532],
       device='cuda:0')
schur_next: tensor([11.8386,  7.4364,  7.4339,  7.4338,  7.4364, 11.8399,  7.4361,  7.4360,
         7.4339,  7.4361, 11.8392,  7.4335,  7.4338,  7.4360,  7.4335, 11.8388],
       device='cuda:0')
  --sphere_n_batches: 5020, n_points: 4015905088
  --sphere_n_batches: 10040, n_points: 4015905088
[Iter 25]     R01 error: 0.0865,   Schur error: 0.0734,   S error: 0.0218
S_next: tensor([6.9455, 4.2896, 4.2882, 4.2882, 4.2896, 6.9461, 4.2895, 4.2894, 4.2882,
        4.2894, 6.9464, 4.2880, 4.2882, 4.2894, 4.2880, 6.9462],
       device='cuda:0')
R_01_next: tensor([25.0754, 23.9631, 23.9630, 23.9630, 23.9636, 25.0763, 23.9636, 23.9636,
        23.9626, 23.9627, 25.0751, 23.9625, 23.9627, 23.9628, 23.9628, 25.0753],
       device='cuda:0')
schur_next: tensor([11.8614,  7.4530,  7.4505,  7.4504,  7.4530, 11.8628,  7.4527,  7.4526,
         7.4504,  7.4526, 11.8620,  7.4501,  7.4504,  7.4526,  7.4501, 11.8617],
       device='cuda:0')
  --sphere_n_batches: 5020, n_points: 4015905088
  --sphere_n_batches: 10040, n_points: 4015905088
[Iter 26]     R01 error: 0.0762,   Schur error: 0.0645,   S error: 0.0192
S_next: tensor([6.9515, 4.2939, 4.2925, 4.2925, 4.2939, 6.9521, 4.2938, 4.2937, 4.2925,
        4.2938, 6.9524, 4.2923, 4.2925, 4.2937, 4.2923, 6.9522],
       device='cuda:0')
R_01_next: tensor([25.0949, 23.9820, 23.9819, 23.9819, 23.9825, 25.0958, 23.9825, 23.9825,
        23.9814, 23.9815, 25.0946, 23.9814, 23.9816, 23.9817, 23.9816, 25.0948],
       device='cuda:0')
schur_next: tensor([11.8815,  7.4676,  7.4651,  7.4650,  7.4675, 11.8828,  7.4672,  7.4672,
         7.4650,  7.4672, 11.8820,  7.4647,  7.4650,  7.4672,  7.4647, 11.8817],
       device='cuda:0')
  --sphere_n_batches: 5020, n_points: 4015905088
  --sphere_n_batches: 10040, n_points: 4015905088
[Iter 27]     R01 error: 0.0670,   Schur error: 0.0568,   S error: 0.0169
S_next: tensor([6.9568, 4.2977, 4.2963, 4.2963, 4.2977, 6.9573, 4.2976, 4.2975, 4.2963,
        4.2976, 6.9576, 4.2961, 4.2963, 4.2975, 4.2961, 6.9575],
       device='cuda:0')
R_01_next: tensor([25.1121, 23.9986, 23.9985, 23.9985, 23.9991, 25.1129, 23.9991, 23.9992,
        23.9981, 23.9982, 25.1117, 23.9981, 23.9983, 23.9984, 23.9983, 25.1119],
       device='cuda:0')
schur_next: tensor([11.8991,  7.4804,  7.4779,  7.4778,  7.4804, 11.9004,  7.4801,  7.4800,
         7.4779,  7.4801, 11.8997,  7.4775,  7.4778,  7.4800,  7.4775, 11.8994],
       device='cuda:0')
  --sphere_n_batches: 5020, n_points: 4015905088
  --sphere_n_batches: 10040, n_points: 4015905088
[Iter 28]     R01 error: 0.0589,   Schur error: 0.0500,   S error: 0.0148
S_next: tensor([6.9615, 4.3011, 4.2997, 4.2996, 4.3011, 6.9620, 4.3009, 4.3009, 4.2997,
        4.3009, 6.9623, 4.2994, 4.2996, 4.3009, 4.2994, 6.9621],
       device='cuda:0')
R_01_next: tensor([25.1271, 24.0132, 24.0131, 24.0132, 24.0137, 25.1280, 24.0137, 24.0138,
        24.0127, 24.0128, 25.1268, 24.0127, 24.0129, 24.0130, 24.0129, 25.1270],
       device='cuda:0')
schur_next: tensor([11.9146,  7.4917,  7.4892,  7.4891,  7.4917, 11.9160,  7.4914,  7.4913,
         7.4892,  7.4914, 11.9153,  7.4888,  7.4891,  7.4914,  7.4888, 11.9149],
       device='cuda:0')
  --sphere_n_batches: 5020, n_points: 4015905088
  --sphere_n_batches: 10040, n_points: 4015905088
[Iter 29]     R01 error: 0.0518,   Schur error: 0.0440,   S error: 0.0130
S_next: tensor([6.9655, 4.3040, 4.3026, 4.3026, 4.3040, 6.9661, 4.3039, 4.3038, 4.3026,
        4.3039, 6.9664, 4.3024, 4.3026, 4.3038, 4.3024, 6.9662],
       device='cuda:0')
R_01_next: tensor([25.1404, 24.0260, 24.0260, 24.0260, 24.0266, 25.1412, 24.0266, 24.0266,
        24.0255, 24.0256, 25.1401, 24.0255, 24.0257, 24.0258, 24.0257, 25.1403],
       device='cuda:0')
schur_next: tensor([11.9283,  7.5017,  7.4991,  7.4991,  7.5017, 11.9297,  7.5014,  7.5013,
         7.4991,  7.5014, 11.9289,  7.4988,  7.4991,  7.5013,  7.4988, 11.9286],
       device='cuda:0')
  --sphere_n_batches: 5020, n_points: 4015905088
  --sphere_n_batches: 10040, n_points: 4015905088
[Iter 30]     R01 error: 0.0456,   Schur error: 0.0389,   S error: 0.0115
S_next: tensor([6.9691, 4.3066, 4.3052, 4.3051, 4.3066, 6.9697, 4.3064, 4.3064, 4.3052,
        4.3064, 6.9700, 4.3050, 4.3051, 4.3064, 4.3050, 6.9698],
       device='cuda:0')
R_01_next: tensor([25.1520, 24.0374, 24.0373, 24.0373, 24.0379, 25.1529, 24.0379, 24.0379,
        24.0369, 24.0369, 25.1517, 24.0368, 24.0370, 24.0371, 24.0371, 25.1519],
       device='cuda:0')
schur_next: tensor([11.9404,  7.5105,  7.5079,  7.5079,  7.5104, 11.9417,  7.5101,  7.5101,
         7.5079,  7.5102, 11.9410,  7.5076,  7.5079,  7.5101,  7.5076, 11.9406],
       device='cuda:0')
  --sphere_n_batches: 5020, n_points: 4015905088
  --sphere_n_batches: 10040, n_points: 4015905088
[Iter 31]     R01 error: 0.0401,   Schur error: 0.0341,   S error: 0.0101
S_next: tensor([6.9723, 4.3089, 4.3075, 4.3074, 4.3089, 6.9728, 4.3087, 4.3087, 4.3075,
        4.3087, 6.9731, 4.3072, 4.3074, 4.3087, 4.3072, 6.9730],
       device='cuda:0')
R_01_next: tensor([25.1623, 24.0473, 24.0473, 24.0473, 24.0478, 25.1631, 24.0479, 24.0479,
        24.0468, 24.0469, 25.1620, 24.0468, 24.0470, 24.0471, 24.0470, 25.1622],
       device='cuda:0')
schur_next: tensor([11.9510,  7.5182,  7.5157,  7.5156,  7.5182, 11.9524,  7.5179,  7.5178,
         7.5156,  7.5179, 11.9516,  7.5153,  7.5156,  7.5178,  7.5153, 11.9512],
       device='cuda:0')
  --sphere_n_batches: 5020, n_points: 4015905088
  --sphere_n_batches: 10040, n_points: 4015905088
[Iter 32]     R01 error: 0.0353,   Schur error: 0.0300,   S error: 0.0089
S_next: tensor([6.9751, 4.3109, 4.3095, 4.3094, 4.3109, 6.9756, 4.3107, 4.3107, 4.3095,
        4.3107, 6.9759, 4.3092, 4.3094, 4.3107, 4.3092, 6.9757],
       device='cuda:0')
R_01_next: tensor([25.1713, 24.0561, 24.0560, 24.0560, 24.0566, 25.1722, 24.0566, 24.0566,
        24.0556, 24.0556, 25.1710, 24.0556, 24.0558, 24.0558, 24.0558, 25.1712],
       device='cuda:0')
schur_next: tensor([11.9603,  7.5249,  7.5224,  7.5224,  7.5250, 11.9617,  7.5247,  7.5246,
         7.5224,  7.5246, 11.9609,  7.5220,  7.5224,  7.5246,  7.5221, 11.9606],
       device='cuda:0')
  --sphere_n_batches: 5020, n_points: 4015905088
  --sphere_n_batches: 10040, n_points: 4015905088
[Iter 33]     R01 error: 0.0310,   Schur error: 0.0266,   S error: 0.0079
S_next: tensor([6.9775, 4.3126, 4.3112, 4.3112, 4.3126, 6.9781, 4.3125, 4.3124, 4.3112,
        4.3125, 6.9784, 4.3110, 4.3112, 4.3125, 4.3110, 6.9782],
       device='cuda:0')
R_01_next: tensor([25.1793, 24.0638, 24.0637, 24.0637, 24.0643, 25.1801, 24.0643, 24.0644,
        24.0633, 24.0633, 25.1790, 24.0633, 24.0635, 24.0635, 24.0635, 25.1792],
       device='cuda:0')
schur_next: tensor([11.9686,  7.5310,  7.5284,  7.5284,  7.5310, 11.9699,  7.5307,  7.5306,
         7.5284,  7.5306, 11.9691,  7.5281,  7.5284,  7.5306,  7.5281, 11.9688],
       device='cuda:0')
  --sphere_n_batches: 5020, n_points: 4015905088
  --sphere_n_batches: 10040, n_points: 4015905088
[Iter 34]     R01 error: 0.0273,   Schur error: 0.0233,   S error: 0.0069
S_next: tensor([6.9797, 4.3142, 4.3128, 4.3127, 4.3142, 6.9802, 4.3140, 4.3140, 4.3128,
        4.3140, 6.9805, 4.3125, 4.3127, 4.3140, 4.3125, 6.9803],
       device='cuda:0')
R_01_next: tensor([25.1863, 24.0706, 24.0705, 24.0705, 24.0711, 25.1871, 24.0711, 24.0711,
        24.0701, 24.0701, 25.1860, 24.0700, 24.0702, 24.0703, 24.0703, 25.1862],
       device='cuda:0')
schur_next: tensor([11.9758,  7.5362,  7.5337,  7.5336,  7.5363, 11.9772,  7.5360,  7.5359,
         7.5337,  7.5359, 11.9764,  7.5333,  7.5336,  7.5359,  7.5334, 11.9761],
       device='cuda:0')
  --sphere_n_batches: 5020, n_points: 4015905088
  --sphere_n_batches: 10040, n_points: 4015905088
[Iter 35]     R01 error: 0.0241,   Schur error: 0.0205,   S error: 0.0061
S_next: tensor([6.9816, 4.3156, 4.3141, 4.3141, 4.3156, 6.9821, 4.3154, 4.3154, 4.3141,
        4.3154, 6.9824, 4.3139, 4.3141, 4.3154, 4.3139, 6.9822],
       device='cuda:0')
R_01_next: tensor([25.1924, 24.0765, 24.0765, 24.0765, 24.0771, 25.1933, 24.0771, 24.0771,
        24.0760, 24.0761, 25.1921, 24.0760, 24.0762, 24.0763, 24.0762, 25.1923],
       device='cuda:0')
schur_next: tensor([11.9821,  7.5409,  7.5383,  7.5383,  7.5409, 11.9835,  7.5406,  7.5405,
         7.5384,  7.5406, 11.9828,  7.5380,  7.5383,  7.5405,  7.5380, 11.9824],
       device='cuda:0')
  --sphere_n_batches: 5020, n_points: 4015905088
  --sphere_n_batches: 10040, n_points: 4015905088
[Iter 36]     R01 error: 0.0212,   Schur error: 0.0180,   S error: 0.0053
S_next: tensor([6.9832, 4.3168, 4.3153, 4.3153, 4.3168, 6.9838, 4.3166, 4.3166, 4.3153,
        4.3166, 6.9841, 4.3151, 4.3153, 4.3166, 4.3151, 6.9839],
       device='cuda:0')
R_01_next: tensor([25.1978, 24.0818, 24.0817, 24.0818, 24.0823, 25.1987, 24.0823, 24.0824,
        24.0813, 24.0814, 25.1975, 24.0813, 24.0815, 24.0816, 24.0815, 25.1977],
       device='cuda:0')
schur_next: tensor([11.9878,  7.5450,  7.5424,  7.5424,  7.5450, 11.9891,  7.5447,  7.5446,
         7.5424,  7.5447, 11.9884,  7.5421,  7.5424,  7.5446,  7.5421, 11.9880],
       device='cuda:0')
  --sphere_n_batches: 5020, n_points: 4015905088
  --sphere_n_batches: 10040, n_points: 4015905088
[Iter 37]     R01 error: 0.0186,   Schur error: 0.0158,   S error: 0.0047
S_next: tensor([6.9847, 4.3178, 4.3164, 4.3164, 4.3178, 6.9852, 4.3177, 4.3176, 4.3164,
        4.3177, 6.9856, 4.3162, 4.3164, 4.3176, 4.3162, 6.9854],
       device='cuda:0')
R_01_next: tensor([25.2026, 24.0864, 24.0864, 24.0864, 24.0869, 25.2034, 24.0870, 24.0870,
        24.0859, 24.0860, 25.2023, 24.0859, 24.0861, 24.0862, 24.0861, 25.2025],
       device='cuda:0')
schur_next: tensor([11.9927,  7.5485,  7.5460,  7.5459,  7.5485, 11.9941,  7.5482,  7.5482,
         7.5460,  7.5482, 11.9933,  7.5457,  7.5459,  7.5482,  7.5457, 11.9930],
       device='cuda:0')
  --sphere_n_batches: 5020, n_points: 4015905088
  --sphere_n_batches: 10040, n_points: 4015905088
[Iter 38]     R01 error: 0.0164,   Schur error: 0.0141,   S error: 0.0041
S_next: tensor([6.9860, 4.3187, 4.3173, 4.3173, 4.3187, 6.9865, 4.3186, 4.3185, 4.3173,
        4.3186, 6.9868, 4.3171, 4.3173, 4.3185, 4.3171, 6.9867],
       device='cuda:0')
R_01_next: tensor([25.2068, 24.0905, 24.0904, 24.0904, 24.0910, 25.2076, 24.0910, 24.0910,
        24.0900, 24.0900, 25.2065, 24.0900, 24.0902, 24.0902, 24.0902, 25.2067],
       device='cuda:0')
schur_next: tensor([11.9971,  7.5517,  7.5492,  7.5491,  7.5517, 11.9984,  7.5514,  7.5514,
         7.5492,  7.5514, 11.9976,  7.5488,  7.5491,  7.5514,  7.5488, 11.9973],
       device='cuda:0')
  --sphere_n_batches: 5020, n_points: 4015905088
  --sphere_n_batches: 10040, n_points: 4015905088
[Iter 39]     R01 error: 0.0144,   Schur error: 0.0123,   S error: 0.0036
S_next: tensor([6.9871, 4.3196, 4.3181, 4.3181, 4.3196, 6.9877, 4.3194, 4.3194, 4.3181,
        4.3194, 6.9880, 4.3179, 4.3181, 4.3194, 4.3179, 6.9878],
       device='cuda:0')
R_01_next: tensor([25.2105, 24.0940, 24.0940, 24.0940, 24.0946, 25.2113, 24.0946, 24.0946,
        24.0935, 24.0936, 25.2102, 24.0935, 24.0937, 24.0938, 24.0937, 25.2104],
       device='cuda:0')
schur_next: tensor([12.0009,  7.5545,  7.5520,  7.5519,  7.5545, 12.0022,  7.5542,  7.5541,
         7.5520,  7.5542, 12.0015,  7.5516,  7.5519,  7.5541,  7.5516, 12.0012],
       device='cuda:0')
  --sphere_n_batches: 5020, n_points: 4015905088
  --sphere_n_batches: 10040, n_points: 4015905088
[Iter 40]     R01 error: 0.0127,   Schur error: 0.0109,   S error: 0.0032
S_next: tensor([6.9881, 4.3203, 4.3189, 4.3188, 4.3203, 6.9887, 4.3201, 4.3201, 4.3189,
        4.3201, 6.9890, 4.3186, 4.3188, 4.3201, 4.3186, 6.9888],
       device='cuda:0')
R_01_next: tensor([25.2137, 24.0972, 24.0971, 24.0972, 24.0977, 25.2146, 24.0978, 24.0978,
        24.0967, 24.0968, 25.2134, 24.0967, 24.0969, 24.0970, 24.0969, 25.2136],
       device='cuda:0')
schur_next: tensor([12.0043,  7.5570,  7.5544,  7.5544,  7.5569, 12.0056,  7.5566,  7.5566,
         7.5544,  7.5567, 12.0049,  7.5541,  7.5544,  7.5566,  7.5541, 12.0045],
       device='cuda:0')
  --sphere_n_batches: 5020, n_points: 4015905088
  --sphere_n_batches: 10040, n_points: 4015905088
[Iter 41]     R01 error: 0.0112,   Schur error: 0.0095,   S error: 0.0028
S_next: tensor([6.9890, 4.3209, 4.3195, 4.3195, 4.3209, 6.9895, 4.3208, 4.3207, 4.3195,
        4.3208, 6.9899, 4.3193, 4.3194, 4.3207, 4.3193, 6.9897],
       device='cuda:0')
R_01_next: tensor([25.2166, 24.1000, 24.0999, 24.0999, 24.1005, 25.2174, 24.1005, 24.1006,
        24.0995, 24.0995, 25.2163, 24.0995, 24.0997, 24.0997, 24.0997, 25.2165],
       device='cuda:0')
schur_next: tensor([12.0072,  7.5591,  7.5566,  7.5565,  7.5591, 12.0086,  7.5588,  7.5587,
         7.5566,  7.5588, 12.0078,  7.5562,  7.5565,  7.5587,  7.5562, 12.0074],
       device='cuda:0')
  --sphere_n_batches: 5020, n_points: 4015905088
  --sphere_n_batches: 10040, n_points: 4015905088
[Iter 42]     R01 error: 0.0098,   Schur error: 0.0085,   S error: 0.0025
S_next: tensor([6.9898, 4.3215, 4.3201, 4.3200, 4.3215, 6.9903, 4.3213, 4.3213, 4.3201,
        4.3213, 6.9907, 4.3198, 4.3200, 4.3213, 4.3198, 6.9905],
       device='cuda:0')
R_01_next: tensor([25.2191, 24.1024, 24.1024, 24.1024, 24.1029, 25.2199, 24.1030, 24.1030,
        24.1019, 24.1020, 25.2188, 24.1019, 24.1021, 24.1022, 24.1021, 25.2190],
       device='cuda:0')
schur_next: tensor([12.0098,  7.5610,  7.5585,  7.5584,  7.5610, 12.0112,  7.5607,  7.5607,
         7.5585,  7.5608, 12.0105,  7.5582,  7.5584,  7.5606,  7.5581, 12.0101],
       device='cuda:0')
Skipping alpha=5.5 for R_00=[[14.24264069 13.57597402 13.57597402 13.57597402]
 [13.57597402 14.24264069 13.57597402 13.57597402]
 [13.57597402 13.57597402 14.24264069 13.57597402]
 [13.57597402 13.57597402 13.57597402 14.24264069]] (already exists)

Running alpha = 4.5
******************** State evolution (α= 4.50, λ=0.0, R_00 = [14.24  13.58  13.58  14.24]) ********************
  --sphere_n_batches: 5020, n_points: 4015905088
  --sphere_n_batches: 10040, n_points: 4015905088
[Iter 1]     R01 error: 0.0098,   Schur error: 15.8020,   S error: 9.1052
S_next: tensor([10.0964,  6.2421,  6.2401,  6.2400,  6.2421, 10.0971,  6.2419,  6.2418,
         6.2401,  6.2419, 10.0976,  6.2398,  6.2400,  6.2418,  6.2397, 10.0973],
       device='cuda:0')
R_01_next: tensor([25.2191, 24.1024, 24.1024, 24.1024, 24.1029, 25.2199, 24.1030, 24.1030,
        24.1019, 24.1020, 25.2188, 24.1019, 24.1021, 24.1022, 24.1021, 25.2190],
       device='cuda:0')
schur_next: tensor([17.3475, 10.9215, 10.9178, 10.9177, 10.9215, 17.3495, 10.9210, 10.9209,
        10.9179, 10.9211, 17.3485, 10.9174, 10.9177, 10.9209, 10.9173, 17.3479],
       device='cuda:0')
  --sphere_n_batches: 5020, n_points: 4015905088
  --sphere_n_batches: 10040, n_points: 4015905088
[Iter 2]     R01 error: 3.8999,   Schur error: 9.7541,   S error: 5.9268
S_next: tensor([12.1492,  7.4761,  7.4738,  7.4737,  7.4761, 12.1500,  7.4759,  7.4759,
         7.4737,  7.4759, 12.1506,  7.4735,  7.4737,  7.4759,  7.4735, 12.1504],
       device='cuda:0')
R_01_next: tensor([26.2598, 25.0548, 25.0539, 25.0539, 25.0558, 26.2636, 25.0559, 25.0558,
        25.0531, 25.0541, 26.2593, 25.0530, 25.0529, 25.0540, 25.0529, 26.2594],
       device='cuda:0')
schur_next: tensor([20.8712, 12.8685, 12.8643, 12.8643, 12.8685, 20.8739, 12.8677, 12.8676,
        12.8642, 12.8676, 20.8722, 12.8635, 12.8643, 12.8676, 12.8636, 20.8719],
       device='cuda:0')
  --sphere_n_batches: 5020, n_points: 4015905088
  --sphere_n_batches: 10040, n_points: 4015905088
[Iter 3]     R01 error: 5.2645,   Schur error: 8.9036,   S error: 4.7910
S_next: tensor([13.8059,  8.4752,  8.4725,  8.4725,  8.4752, 13.8068,  8.4750,  8.4750,
         8.4725,  8.4750, 13.8074,  8.4722,  8.4725,  8.4750,  8.4722, 13.8073],
       device='cuda:0')
R_01_next: tensor([27.6378, 26.3500, 26.3486, 26.3485, 26.3505, 27.6422, 26.3506, 26.3505,
        26.3477, 26.3492, 27.6376, 26.3474, 26.3474, 26.3489, 26.3473, 27.6379],
       device='cuda:0')
schur_next: tensor([24.1121, 14.6312, 14.6258, 14.6255, 14.6312, 24.1163, 14.6296, 14.6291,
        14.6258, 14.6296, 24.1141, 14.6240, 14.6255, 14.6292, 14.6240, 24.1139],
       device='cuda:0')
  --sphere_n_batches: 5020, n_points: 4015905088
  --sphere_n_batches: 10040, n_points: 4015905088
[Iter 4]     R01 error: 5.7530,   Schur error: 9.3131,   S error: 4.3437
S_next: tensor([15.2874,  9.3924,  9.3892,  9.3892,  9.3924, 15.2883,  9.3920,  9.3920,
         9.3892,  9.3920, 15.2889,  9.3888,  9.3892,  9.3920,  9.3888, 15.2888],
       device='cuda:0')
R_01_next: tensor([29.1329, 27.7691, 27.7676, 27.7673, 27.7692, 29.1373, 27.7693, 27.7691,
        27.7663, 27.7681, 29.1328, 27.7658, 27.7660, 27.7678, 27.7659, 29.1334],
       device='cuda:0')
schur_next: tensor([27.4348, 16.5157, 16.5088, 16.5078, 16.5157, 27.4411, 16.5130, 16.5117,
        16.5088, 16.5129, 27.4384, 16.5052, 16.5078, 16.5116, 16.5051, 27.4380],
       device='cuda:0')
  --sphere_n_batches: 5020, n_points: 4015905088
  --sphere_n_batches: 10040, n_points: 4015905088
[Iter 5]     R01 error: 5.9291,   Schur error: 9.9746,   S error: 4.1408
S_next: tensor([16.6794, 10.2776, 10.2741, 10.2740, 10.2776, 16.6801, 10.2771, 10.2770,
        10.2741, 10.2771, 16.6807, 10.2735, 10.2740, 10.2770, 10.2735, 16.6805],
       device='cuda:0')
R_01_next: tensor([30.6686, 29.2336, 29.2321, 29.2316, 29.2331, 30.6727, 29.2333, 29.2329,
        29.2302, 29.2321, 30.6683, 29.2295, 29.2300, 29.2320, 29.2300, 30.6695],
       device='cuda:0')
schur_next: tensor([30.9226, 18.5750, 18.5666, 18.5645, 18.5750, 30.9312, 18.5708, 18.5682,
        18.5666, 18.5708, 30.9286, 18.5603, 18.5645, 18.5682, 18.5603, 30.9279],
       device='cuda:0')
  --sphere_n_batches: 5020, n_points: 4015905088
  --sphere_n_batches: 10040, n_points: 4015905088
[Iter 6]     R01 error: 5.9807,   Schur error: 10.6433,   S error: 4.0354
S_next: tensor([18.0201, 11.1486, 11.1448, 11.1446, 11.1486, 18.0206, 11.1479, 11.1477,
        11.1447, 11.1479, 18.0211, 11.1438, 11.1446, 11.1477, 11.1438, 18.0208],
       device='cuda:0')
R_01_next: tensor([32.2148, 30.7119, 30.7104, 30.7098, 30.7107, 32.2182, 30.7110, 30.7104,
        30.7077, 30.7098, 32.2140, 30.7068, 30.7079, 30.7100, 30.7079, 32.2161],
       device='cuda:0')
schur_next: tensor([34.5891, 20.8032, 20.7930, 20.7896, 20.8032, 34.6004, 20.7972, 20.7930,
        20.7930, 20.7971, 34.5982, 20.7835, 20.7895, 20.7929, 20.7835, 34.5973],
       device='cuda:0')
  --sphere_n_batches: 5020, n_points: 4015905088
  --sphere_n_batches: 10040, n_points: 4015905088
[Iter 7]     R01 error: 5.9779,   Schur error: 11.2726,   S error: 3.9747
S_next: tensor([19.3293, 12.0124, 12.0082, 12.0079, 12.0124, 19.3295, 12.0114, 12.0111,
        12.0081, 12.0114, 19.3298, 12.0069, 12.0079, 12.0111, 12.0069, 19.3294],
       device='cuda:0')
R_01_next: tensor([33.7586, 32.1903, 32.1888, 32.1880, 32.1882, 33.7612, 32.1884, 32.1877,
        32.1851, 32.1873, 33.7571, 32.1839, 32.1858, 32.1880, 32.1859, 33.7604],
       device='cuda:0')
schur_next: tensor([38.4325, 23.1848, 23.1729, 23.1677, 23.1848, 38.4467, 23.1767, 23.1706,
        23.1728, 23.1767, 38.4454, 23.1595, 23.1676, 23.1705, 23.1595, 38.4445],
       device='cuda:0')
  --sphere_n_batches: 5020, n_points: 4015905088
  --sphere_n_batches: 10040, n_points: 4015905088
[Iter 8]     R01 error: 5.9510,   Schur error: 11.8637,   S error: 3.9380
S_next: tensor([20.6185, 12.8722, 12.8676, 12.8673, 12.8722, 20.6184, 12.8710, 12.8706,
        12.8676, 12.8710, 20.6185, 12.8661, 12.8673, 12.8706, 12.8661, 20.6177],
       device='cuda:0')
R_01_next: tensor([35.2946, 33.6626, 33.6610, 33.6600, 33.6593, 35.2962, 33.6595, 33.6587,
        33.6560, 33.6584, 35.2919, 33.6545, 33.6575, 33.6599, 33.6578, 35.2969],
       device='cuda:0')
schur_next: tensor([42.4489, 25.7068, 25.6928, 25.6857, 25.7068, 42.4664, 25.6961, 25.6877,
        25.6928, 25.6961, 42.4663, 25.6749, 25.6856, 25.6877, 25.6749, 42.4654],
       device='cuda:0')
  --sphere_n_batches: 5020, n_points: 4015905088
  --sphere_n_batches: 10040, n_points: 4015905088
[Iter 9]     R01 error: 5.9144,   Schur error: 12.4286,   S error: 3.9161
S_next: tensor([21.8950, 13.7301, 13.7251, 13.7247, 13.7301, 21.8945, 13.7285, 13.7280,
        13.7252, 13.7285, 21.8943, 13.7232, 13.7247, 13.7280, 13.7232, 21.8931],
       device='cuda:0')
R_01_next: tensor([36.8206, 35.1261, 35.1244, 35.1233, 35.1215, 36.8209, 35.1217, 35.1208,
        35.1179, 35.1204, 36.8164, 35.1160, 35.1206, 35.1231, 35.1210, 36.8236],
       device='cuda:0')
schur_next: tensor([46.6358, 28.3597, 28.3436, 28.3342, 28.3597, 46.6569, 28.3461, 28.3352,
        28.3437, 28.3462, 46.6586, 28.3207, 28.3343, 28.3352, 28.3207, 46.6582],
       device='cuda:0')
  --sphere_n_batches: 5020, n_points: 4015905088
  --sphere_n_batches: 10040, n_points: 4015905088
[Iter 10]     R01 error: 5.8761,   Schur error: 12.9777,   S error: 3.9043
S_next: tensor([23.1638, 14.5873, 14.5821, 14.5816, 14.5873, 23.1629, 14.5854, 14.5848,
        14.5821, 14.5854, 23.1623, 14.5798, 14.5816, 14.5848, 14.5798, 23.1606],
       device='cuda:0')
R_01_next: tensor([38.3364, 36.5803, 36.5786, 36.5774, 36.5742, 38.3351, 36.5743, 36.5734,
        36.5703, 36.5730, 38.3303, 36.5679, 36.5746, 36.5772, 36.5752, 38.3403],
       device='cuda:0')
schur_next: tensor([50.9929, 31.1379, 31.1196, 31.1076, 31.1379, 51.0178, 31.1209, 31.1070,
        31.1196, 31.1210, 51.0215, 31.0908, 31.1077, 31.1071, 31.0908, 51.0216],
       device='cuda:0')
  --sphere_n_batches: 5020, n_points: 4015905088
  --sphere_n_batches: 10040, n_points: 4015905088
[Iter 11]     R01 error: 5.8400,   Schur error: 13.5183,   S error: 3.9003
S_next: tensor([24.4287, 15.4451, 15.4395, 15.4390, 15.4451, 24.4272, 15.4428, 15.4421,
        15.4395, 15.4428, 24.4261, 15.4368, 15.4390, 15.4422, 15.4368, 24.4237],
       device='cuda:0')
R_01_next: tensor([39.8428, 38.0259, 38.0240, 38.0228, 38.0181, 39.8397, 38.0179, 38.0171,
        38.0137, 38.0164, 39.8343, 38.0107, 38.0200, 38.0228, 38.0208, 39.8479],
       device='cuda:0')
schur_next: tensor([55.5208, 34.0378, 34.0170, 34.0022, 34.0377, 55.5497, 34.0167, 33.9996,
        34.0169, 34.0167, 55.5553, 33.9814, 34.0022, 33.9998, 33.9816, 55.5566],
       device='cuda:0')
  --sphere_n_batches: 5020, n_points: 4015905088
  --sphere_n_batches: 10040, n_points: 4015905088
[Iter 12]     R01 error: 5.8084,   Schur error: 14.0572,   S error: 3.9026
S_next: tensor([25.6923, 16.3045, 16.2985, 16.2980, 16.3045, 25.6902, 16.3016, 16.3010,
        16.2985, 16.3016, 25.6886, 16.2954, 16.2980, 16.3010, 16.2954, 25.6853],
       device='cuda:0')
R_01_next: tensor([41.3411, 39.4637, 39.4617, 39.4605, 39.4540, 41.3358, 39.4536, 39.4529,
        39.4490, 39.4519, 41.3296, 39.4455, 39.4580, 39.4608, 39.4591, 41.3476],
       device='cuda:0')
schur_next: tensor([60.2211, 37.0576, 37.0341, 37.0163, 37.0576, 60.2543, 37.0317, 37.0113,
        37.0341, 37.0317, 60.2623, 36.9914, 37.0163, 37.0114, 36.9915, 60.2647],
       device='cuda:0')
  --sphere_n_batches: 5020, n_points: 4015905088
  --sphere_n_batches: 10040, n_points: 4015905088
[Iter 13]     R01 error: 5.7824,   Schur error: 14.6002,   S error: 3.9103
S_next: tensor([26.9571, 17.1663, 17.1599, 17.1595, 17.1662, 26.9543, 17.1628, 17.1622,
        17.1599, 17.1628, 26.9519, 17.1564, 17.1595, 17.1622, 17.1564, 26.9476],
       device='cuda:0')
R_01_next: tensor([42.8326, 40.8953, 40.8930, 40.8919, 40.8833, 42.8250, 40.8825, 40.8820,
        40.8776, 40.8807, 42.8177, 40.8735, 40.8900, 40.8929, 40.8913, 42.8411],
       device='cuda:0')
schur_next: tensor([65.0972, 40.1974, 40.1711, 40.1500, 40.1973, 65.1349, 40.1659, 40.1419,
        40.1709, 40.1659, 65.1453, 40.1203, 40.1500, 40.1420, 40.1204, 65.1495],
       device='cuda:0')
  --sphere_n_batches: 5020, n_points: 4015905088
  --sphere_n_batches: 10040, n_points: 4015905088
[Iter 14]     R01 error: 5.7626,   Schur error: 15.1492,   S error: 3.9228
S_next: tensor([28.2248, 18.0313, 18.0246, 18.0244, 18.0313, 28.2214, 18.0272, 18.0268,
        18.0246, 18.0272, 28.2182, 18.0208, 18.0244, 18.0268, 18.0208, 28.2126],
       device='cuda:0')
R_01_next: tensor([44.3192, 42.3220, 42.3194, 42.3186, 42.3075, 44.3087, 42.3063, 42.3062,
        42.3011, 42.3043, 44.3002, 42.2963, 42.3175, 42.3205, 42.3192, 44.3301],
       device='cuda:0')
schur_next: tensor([70.1524, 43.4574, 43.4280, 43.4037, 43.4575, 70.1953, 43.4197, 43.3920,
        43.4282, 43.4197, 70.2079, 43.3691, 43.4037, 43.3920, 43.3690, 70.2141],
       device='cuda:0')
  --sphere_n_batches: 5020, n_points: 4015905088
  --sphere_n_batches: 10040, n_points: 4015905088
[Iter 15]     R01 error: 5.7491,   Schur error: 15.7108,   S error: 3.9400
S_next: tensor([29.4974, 18.9006, 18.8935, 18.8935, 18.9006, 29.4932, 18.8958, 18.8956,
        18.8935, 18.8958, 29.4891, 18.8895, 18.8935, 18.8956, 18.8895, 29.4820],
       device='cuda:0')
R_01_next: tensor([45.8024, 43.7454, 43.7425, 43.7420, 43.7281, 45.7887, 43.7263, 43.7267,
        43.7209, 43.7243, 45.7787, 43.7154, 43.7421, 43.7452, 43.7443, 45.8164],
       device='cuda:0')
schur_next: tensor([75.3925, 46.8402, 46.8076, 46.7799, 46.8403, 75.4404, 46.7949, 46.7637,
        46.8077, 46.7948, 75.4549, 46.7396, 46.7798, 46.7635, 46.7395, 75.4640],
       device='cuda:0')
  --sphere_n_batches: 5020, n_points: 4015905088
  --sphere_n_batches: 10040, n_points: 4015905088
[Iter 16]     R01 error: 5.7421,   Schur error: 16.2849,   S error: 3.9613
S_next: tensor([30.7763, 19.7749, 19.7674, 19.7678, 19.7749, 30.7713, 19.7693, 19.7694,
        19.7674, 19.7692, 30.7661, 19.7633, 19.7678, 19.7694, 19.7633, 30.7574],
       device='cuda:0')
R_01_next: tensor([47.2839, 45.1671, 45.1638, 45.1638, 45.1467, 47.2665, 45.1443, 45.1453,
        45.1387, 45.1423, 47.2550, 45.1324, 45.1657, 45.1688, 45.1683, 47.3018],
       device='cuda:0')
schur_next: tensor([80.8224, 50.3477, 50.3118, 50.2807, 50.3478, 80.8756, 50.2937, 50.2590,
        50.3118, 50.2936, 80.8913, 50.2344, 50.2807, 50.2589, 50.2344, 80.9045],
       device='cuda:0')
  --sphere_n_batches: 5020, n_points: 4015905088
  --sphere_n_batches: 10040, n_points: 4015905088
[Iter 17]     R01 error: 5.7415,   Schur error: 16.8754,   S error: 3.9866
S_next: tensor([32.0631, 20.6550, 20.6472, 20.6481, 20.6550, 32.0570, 20.6484, 20.6491,
        20.6472, 20.6484, 32.0507, 20.6430, 20.6481, 20.6491, 20.6430, 32.0401],
       device='cuda:0')
R_01_next: tensor([48.7653, 46.5887, 46.5849, 46.5856, 46.5648, 48.7439, 46.5615, 46.5635,
        46.5559, 46.5597, 48.7305, 46.5489, 46.5896, 46.5928, 46.5929, 48.7879],
       device='cuda:0')
schur_next: tensor([86.4485, 53.9831, 53.9437, 53.9094, 53.9830, 86.5069, 53.9190, 53.8810,
        53.9436, 53.9189, 86.5232, 53.8568, 53.9095, 53.8812, 53.8570, 86.5415],
       device='cuda:0')
  --sphere_n_batches: 5020, n_points: 4015905088
  --sphere_n_batches: 10040, n_points: 4015905088
[Iter 18]     R01 error: 5.7471,   Schur error: 17.4844,   S error: 4.0161
S_next: tensor([33.3591, 21.5419, 21.5337, 21.5352, 21.5418, 33.3519, 21.5342, 21.5355,
        21.5337, 21.5342, 33.3443, 21.5296, 21.5352, 21.5355, 21.5296, 33.3316],
       device='cuda:0')
R_01_next: tensor([50.2483, 48.0117, 48.0073, 48.0088, 47.9839, 50.2222, 47.9797, 47.9827,
        47.9742, 47.9781, 50.2071, 47.9664, 48.0157, 48.0189, 48.0197, 50.2765],
       device='cuda:0')
schur_next: tensor([92.2781, 57.7500, 57.7070, 57.6698, 57.7498, 92.3418, 57.6742, 57.6334,
        57.7068, 57.6743, 92.3575, 57.6108, 57.6696, 57.6335, 57.6108, 92.3815],
       device='cuda:0')
  --sphere_n_batches: 5020, n_points: 4015905088
  --sphere_n_batches: 10040, n_points: 4015905088
[Iter 19]     R01 error: 5.7589,   Schur error: 18.1147,   S error: 4.0493
S_next: tensor([34.6656, 22.4361, 22.4276, 22.4300, 22.4361, 34.6573, 22.4274, 22.4295,
        22.4276, 22.4274, 34.6483, 22.4238, 22.4299, 22.4295, 22.4238, 34.6332],
       device='cuda:0')
R_01_next: tensor([51.7343, 49.4375, 49.4324, 49.4349, 49.4054, 51.7032, 49.4002, 49.4044,
        49.3951, 49.3991, 51.6861, 49.3866, 49.4454, 49.4487, 49.4502, 51.7694],
       device='cuda:0')
schur_next: tensor([98.3182, 61.6524, 61.6058, 61.5659, 61.6522, 98.3877, 61.5637, 61.5207,
        61.6057, 61.5637, 98.4013, 61.5009, 61.5658, 61.5207, 61.5009, 98.4326],
       device='cuda:0')
  --sphere_n_batches: 5020, n_points: 4015905088
  --sphere_n_batches: 10040, n_points: 4015905088
[Iter 20]     R01 error: 5.7767,   Schur error: 18.7696,   S error: 4.0867
S_next: tensor([35.9840, 23.3387, 23.3299, 23.3332, 23.3387, 35.9745, 23.3288, 23.3319,
        23.3299, 23.3288, 35.9639, 23.3266, 23.3332, 23.3319, 23.3266, 35.9461],
       device='cuda:0')
R_01_next: tensor([53.2250, 50.8676, 50.8618, 50.8655, 50.8308, 53.1882, 50.8244, 50.8302,
        50.8200, 50.8242, 53.1693, 50.8108, 50.8803, 50.8837, 50.8861, 53.2680],
       device='cuda:0')
schur_next: tensor([104.5780,  65.6954,  65.6452,  65.6031,  65.6955, 104.6540,  65.5922,
         65.5477,  65.6450,  65.5919, 104.6629,  65.5322,  65.6032,  65.5477,
         65.5325, 104.7031], device='cuda:0')
  --sphere_n_batches: 5020, n_points: 4015905088
  --sphere_n_batches: 10040, n_points: 4015905088
[Iter 21]     R01 error: 5.8005,   Schur error: 19.4493,   S error: 4.1278
S_next: tensor([37.3156, 24.2504, 24.2413, 24.2458, 24.2504, 37.3047, 24.2392, 24.2435,
        24.2413, 24.2392, 37.2926, 24.2388, 24.2458, 24.2435, 24.2389, 37.2718],
       device='cuda:0')
R_01_next: tensor([54.7219, 52.3035, 52.2969, 52.3020, 52.2614, 54.6788, 52.2538, 52.2613,
        52.2505, 52.2548, 54.6581, 52.2406, 52.3220, 52.3253, 52.3288, 54.7741],
       device='cuda:0')
schur_next: tensor([111.0666,  69.8841,  69.8303,  69.7865,  69.8842, 111.1490,  69.7644,
         69.7193,  69.8301,  69.7641, 111.1512,  69.7109,  69.7866,  69.7192,
         69.7111, 111.2014], device='cuda:0')
  --sphere_n_batches: 5020, n_points: 4015905088
  --sphere_n_batches: 10040, n_points: 4015905088
[Iter 22]     R01 error: 5.8302,   Schur error: 20.1559,   S error: 4.1728
S_next: tensor([38.6617, 25.1720, 25.1628, 25.1686, 25.1720, 38.6492, 25.1594, 25.1652,
        25.1627, 25.1594, 38.6356, 25.1613, 25.1686, 25.1652, 25.1614, 38.6114],
       device='cuda:0')
R_01_next: tensor([56.2265, 53.7466, 53.7391, 53.7458, 53.6988, 56.1764, 53.6898, 53.6992,
        53.6880, 53.6925, 56.1542, 53.6775, 53.7718, 53.7753, 53.7799, 56.2892],
       device='cuda:0')
schur_next: tensor([117.7938,  74.2239,  74.1667,  74.1221,  74.2236, 117.8820,  74.0853,
         74.0409,  74.1665,  74.0854, 117.8750,  74.0426,  74.1221,  74.0411,
         74.0428, 117.9372], device='cuda:0')
  --sphere_n_batches: 5020, n_points: 4015905088
  --sphere_n_batches: 10040, n_points: 4015905088
[Iter 23]     R01 error: 5.8655,   Schur error: 20.8951,   S error: 4.2219
S_next: tensor([40.0236, 26.1044, 26.0950, 26.1025, 26.1044, 40.0095, 26.0904, 26.0978,
        26.0950, 26.0904, 39.9942, 26.0950, 26.1025, 26.0979, 26.0951, 39.9662],
       device='cuda:0')
R_01_next: tensor([57.7401, 55.1983, 55.1898, 55.1983, 55.1441, 57.6824, 55.1337, 55.1452,
        55.1340, 55.1387, 57.6590, 55.1230, 55.2313, 55.2349, 55.2408, 57.8147],
       device='cuda:0')
schur_next: tensor([124.7703,  78.7212,  78.6610,  78.6162,  78.7210, 124.8655,  78.5622,
         78.5198,  78.6609,  78.5623, 124.8452,  78.5348,  78.6162,  78.5200,
         78.5350, 124.9207], device='cuda:0')
  --sphere_n_batches: 5020, n_points: 4015905088
  --sphere_n_batches: 10040, n_points: 4015905088
[Iter 24]     R01 error: 5.9066,   Schur error: 21.6645,   S error: 4.2751
S_next: tensor([41.4026, 27.0485, 27.0391, 27.0484, 27.0485, 41.3869, 27.0330, 27.0424,
        27.0390, 27.0329, 41.3699, 27.0409, 27.0484, 27.0423, 27.0409, 41.3377],
       device='cuda:0')
R_01_next: tensor([59.2642, 56.6599, 56.6504, 56.6609, 56.5988, 59.1983, 56.5869, 56.6008,
        56.5900, 56.5948, 59.1742, 56.5785, 56.7020, 56.7056, 56.7130, 59.3523],
       device='cuda:0')
schur_next: tensor([132.0074,  83.3824,  83.3196,  83.2755,  83.3823, 132.1097,  83.2009,
         83.1620,  83.3193,  83.2007, 132.0720,  83.1944,  83.2752,  83.1618,
         83.1944, 132.1626], device='cuda:0')
  --sphere_n_batches: 5020, n_points: 4015905088
  --sphere_n_batches: 10040, n_points: 4015905088
[Iter 25]     R01 error: 5.9533,   Schur error: 22.4715,   S error: 4.3325
S_next: tensor([42.8002, 28.0051, 27.9957, 28.0071, 28.0051, 42.7826, 27.9880, 27.9996,
        27.9957, 27.9880, 42.7640, 27.9998, 28.0071, 27.9996, 27.9998, 42.7272],
       device='cuda:0')
R_01_next: tensor([60.8003, 58.1328, 58.1222, 58.1349, 58.0642, 60.7253, 58.0507, 58.0672,
        58.0574, 58.0624, 60.7012, 58.0456, 58.1851, 58.1889, 58.1978, 60.9034],
       device='cuda:0')
schur_next: tensor([139.5180,  88.2150,  88.1502,  88.1078,  88.2148, 139.6273,  88.0085,
         87.9750,  88.1501,  88.0086, 139.5681,  88.0301,  88.1076,  87.9749,
         88.0299, 139.6754], device='cuda:0')
  --sphere_n_batches: 5020, n_points: 4015905088
  --sphere_n_batches: 10040, n_points: 4015905088
[Iter 26]     R01 error: 6.0058,   Schur error: 23.3133,   S error: 4.3939
S_next: tensor([44.2175, 28.9752, 28.9659, 28.9797, 28.9752, 44.1980, 28.9564, 28.9706,
        28.9659, 28.9564, 44.1778, 28.9727, 28.9797, 28.9705, 28.9728, 44.1361],
       device='cuda:0')
R_01_next: tensor([62.3499, 59.6185, 59.6067, 59.6217, 59.5416, 62.2649, 59.5265, 59.5458,
        59.5378, 59.5429, 62.2417, 59.5257, 59.6822, 59.6861, 59.6968, 62.4695],
       device='cuda:0')
schur_next: tensor([147.3142,  93.2261,  93.1599,  93.1204,  93.2262, 147.4315,  92.9927,
         92.9666,  93.1599,  92.9925, 147.3445,  93.0493,  93.1205,  92.9666,
         93.0495, 147.4712], device='cuda:0')
  --sphere_n_batches: 5020, n_points: 4015905088
  --sphere_n_batches: 10040, n_points: 4015905088
[Iter 27]     R01 error: 6.0639,   Schur error: 24.1976,   S error: 4.4602
S_next: tensor([45.6562, 29.9597, 29.9507, 29.9670, 29.9597, 45.6348, 29.9392, 29.9562,
        29.9506, 29.9392, 45.6130, 29.9607, 29.9670, 29.9562, 29.9608, 45.5659],
       device='cuda:0')
R_01_next: tensor([63.9143, 61.1183, 61.1052, 61.1227, 61.0324, 63.8186, 61.0156, 61.0379,
        61.0325, 61.0378, 63.7971, 61.0204, 61.1946, 61.1987, 61.2112, 64.0520],
       device='cuda:0')
schur_next: tensor([155.4114,  98.4245,  98.3580,  98.3225,  98.4248, 155.5365,  98.1617,
         98.1453,  98.3579,  98.1613, 155.4159,  98.2623,  98.3226,  98.1452,
         98.2625, 155.5636], device='cuda:0')
  --sphere_n_batches: 5020, n_points: 4015905088
  --sphere_n_batches: 10040, n_points: 4015905088
[Iter 28]     R01 error: 6.1277,   Schur error: 25.1230,   S error: 4.5304
S_next: tensor([47.1177, 30.9595, 30.9509, 30.9701, 30.9595, 47.0940, 30.9373, 30.9573,
        30.9509, 30.9373, 47.0709, 30.9647, 30.9701, 30.9573, 30.9647, 47.0178],
       device='cuda:0')
R_01_next: tensor([65.4950, 62.6335, 62.6190, 62.6392, 62.5378, 65.3876, 62.5194, 62.5448,
        62.5431, 62.5486, 65.3692, 62.5312, 62.7237, 62.7281, 62.7425, 65.6524],
       device='cuda:0')
schur_next: tensor([163.8237, 103.8189, 103.7531, 103.7228, 103.8188, 163.9566, 103.5238,
        103.5196, 103.7528, 103.5236, 163.7961, 103.6782, 103.7226, 103.5196,
        103.6783, 163.9663], device='cuda:0')
  --sphere_n_batches: 5020, n_points: 4015905088
  --sphere_n_batches: 10040, n_points: 4015905088
[Iter 29]     R01 error: 6.1970,   Schur error: 26.0909,   S error: 4.6051
S_next: tensor([48.6031, 31.9755, 31.9675, 31.9898, 31.9755, 48.5773, 31.9516, 31.9751,
        31.9675, 31.9516, 48.5529, 31.9856, 31.9899, 31.9751, 31.9857, 48.4935],
       device='cuda:0')
R_01_next: tensor([67.0935, 64.1655, 64.1496, 64.1727, 64.0593, 66.9734, 64.0392, 64.0680,
        64.0711, 64.0769, 66.9593, 64.0595, 64.2709, 64.2757, 64.2921, 67.2721],
       device='cuda:0')
schur_next: tensor([172.5653, 109.4170, 109.3534, 109.3295, 109.4173, 172.7068, 109.0878,
        109.0985, 109.3536, 109.0877, 172.4992, 109.3067, 109.3301, 109.0988,
        109.3071, 172.6943], device='cuda:0')
  --sphere_n_batches: 5020, n_points: 4015905088
  --sphere_n_batches: 10040, n_points: 4015905088
[Iter 30]     R01 error: 6.2719,   Schur error: 27.1072,   S error: 4.6844
S_next: tensor([50.1143, 33.0088, 33.0016, 33.0272, 33.0088, 50.0861, 32.9832, 33.0103,
        33.0016, 32.9833, 50.0608, 33.0246, 33.0273, 33.0104, 33.0246, 49.9943],
       device='cuda:0')
R_01_next: tensor([68.7110, 65.7157, 65.6983, 65.7243, 65.5980, 68.5773, 65.5762, 65.6086,
        65.6179, 65.6240, 68.5691, 65.6068, 65.8376, 65.8427, 65.8612, 68.9124],
       device='cuda:0')
schur_next: tensor([181.6543, 115.2300, 115.1700, 115.1539, 115.2299, 181.8040, 114.8636,
        114.8920, 115.1702, 114.8638, 181.5416, 115.1588, 115.1542, 114.8923,
        115.1589, 181.7628], device='cuda:0')
  --sphere_n_batches: 5020, n_points: 4015905088
  --sphere_n_batches: 10040, n_points: 4015905088
[Iter 31]     R01 error: 6.3524,   Schur error: 28.1725,   S error: 4.7683
S_next: tensor([51.6525, 34.0604, 34.0541, 34.0833, 34.0604, 51.6220, 34.0331, 34.0641,
        34.0542, 34.0331, 51.5958, 34.0826, 34.0834, 34.0642, 34.0826, 51.5218],
       device='cuda:0')
R_01_next: tensor([70.3492, 67.2855, 67.2665, 67.2956, 67.1554, 70.2006, 67.1320, 67.1680,
        67.1850, 67.1914, 70.2002, 67.1746, 67.4250, 67.4306, 67.4512, 70.5749],
       device='cuda:0')
schur_next: tensor([191.1072, 121.2674, 121.2128, 121.2057, 121.2672, 191.2656, 120.8615,
        120.9106, 121.2128, 120.8617, 190.9392, 121.2450, 121.2059, 120.9109,
        121.2451, 191.1885], device='cuda:0')
  --sphere_n_batches: 5020, n_points: 4015905088
  --sphere_n_batches: 10040, n_points: 4015905088
[Iter 32]     R01 error: 6.4384,   Schur error: 29.2881,   S error: 4.8567
S_next: tensor([53.2192, 35.1312, 35.1261, 35.1591, 35.1311, 53.1864, 35.1023, 35.1375,
        35.1261, 35.1022, 53.1596, 35.1605, 35.1591, 35.1375, 35.1605, 53.0773],
       device='cuda:0')
R_01_next: tensor([72.0093, 68.8762, 68.8555, 68.8878, 68.7327, 71.8449, 68.7077, 68.7475,
        68.7738, 68.7807, 71.8540, 68.7644, 69.0345, 69.0408, 69.0635, 72.2607],
       device='cuda:0')
schur_next: tensor([200.9417, 127.5395, 127.4924, 127.4955, 127.5393, 201.1091, 127.0918,
        127.1647, 127.4921, 127.0917, 200.7091, 127.5766, 127.4954, 127.1646,
        127.5767, 200.9883], device='cuda:0')
  --sphere_n_batches: 5020, n_points: 4015905088
  --sphere_n_batches: 10040, n_points: 4015905088
[Iter 33]     R01 error: 6.5298,   Schur error: 30.4588,   S error: 4.9501
S_next: tensor([54.8160, 36.2222, 36.2186, 36.2556, 36.2222, 54.7808, 36.1917, 36.2315,
        36.2186, 36.1918, 54.7538, 36.2596, 36.2556, 36.2315, 36.2596, 54.6628],
       device='cuda:0')
R_01_next: tensor([73.6927, 70.4891, 70.4665, 70.5022, 70.3312, 73.5113, 70.3046, 70.3485,
        70.3858, 70.3932, 73.5320, 70.3775, 70.6676, 70.6745, 70.6994, 73.9715],
       device='cuda:0')
schur_next: tensor([211.1767, 134.0577, 134.0200, 134.0347, 134.0574, 211.3530, 133.5653,
        133.6655, 134.0199, 133.5655, 210.8701, 134.1661, 134.0346, 133.6656,
        134.1661, 211.1816], device='cuda:0')
  --sphere_n_batches: 5020, n_points: 4015905088
  --sphere_n_batches: 10040, n_points: 4015905088
[Iter 34]     R01 error: 6.6266,   Schur error: 31.6835,   S error: 5.0479
S_next: tensor([56.4443, 37.3346, 37.3326, 37.3739, 37.3346, 56.4068, 37.3026, 37.3471,
        37.3326, 37.3026, 56.3799, 37.3807, 37.3738, 37.3471, 37.3807, 56.2794],
       device='cuda:0')
R_01_next: tensor([75.4009, 72.1255, 72.1010, 72.1402, 71.9522, 75.2013, 71.9242, 71.9722,
        72.0225, 72.0304, 75.2358, 72.0154, 72.3253, 72.3331, 72.3601, 75.7084],
       device='cuda:0')
schur_next: tensor([221.8314, 140.8332, 140.8074, 140.8347, 140.8332, 222.0170, 140.2940,
        140.4246, 140.8072, 140.2938, 221.4398, 141.0250, 140.8345, 140.4245,
        141.0251, 221.7855], device='cuda:0')
  --sphere_n_batches: 5020, n_points: 4015905088
  --sphere_n_batches: 10040, n_points: 4015905088
[Iter 35]     R01 error: 6.7288,   Schur error: 32.9689,   S error: 5.1507
S_next: tensor([58.1056, 38.4692, 38.4692, 38.5148, 38.4693, 58.0660, 38.4358, 38.4853,
        38.4692, 38.4358, 58.0395, 38.5250, 38.5149, 38.4853, 38.5251, 57.9289],
       device='cuda:0')
R_01_next: tensor([77.1352, 73.7869, 73.7603, 73.8029, 73.5970, 76.9162, 73.5676, 73.6198,
        73.6850, 73.6937, 76.9668, 73.6795, 74.0092, 74.0180, 74.0471, 77.4729],
       device='cuda:0')
schur_next: tensor([232.9262, 147.8786, 147.8669, 147.9082, 147.8787, 233.1213, 147.2898,
        147.4546, 147.8670, 147.2896, 232.4387, 148.1668, 147.9083, 147.4547,
        148.1669, 232.8219], device='cuda:0')
  --sphere_n_batches: 5020, n_points: 4015905088
  --sphere_n_batches: 10040, n_points: 4015905088
[Iter 36]     R01 error: 6.8362,   Schur error: 34.3118,   S error: 5.2579
S_next: tensor([59.8014, 39.6272, 39.6294, 39.6796, 39.6273, 59.7599, 39.5925, 39.6472,
        39.6294, 39.5925, 59.7341, 39.6934, 39.6796, 39.6472, 39.6934, 59.6127],
       device='cuda:0')
R_01_next: tensor([78.8969, 75.4743, 75.4455, 75.4918, 75.2668, 78.6573, 75.2362, 75.2927,
        75.3749, 75.3844, 78.7264, 75.3711, 75.7203, 75.7303, 75.7615, 79.2663],
       device='cuda:0')
schur_next: tensor([244.4827, 155.2065, 155.2113, 155.2672, 155.2065, 244.6866, 154.5651,
        154.7675, 155.2114, 154.5651, 243.8862, 155.6037, 155.2673, 154.7676,
        155.6037, 244.3083], device='cuda:0')
  --sphere_n_batches: 5020, n_points: 4015905088
  --sphere_n_batches: 10040, n_points: 4015905088
[Iter 37]     R01 error: 6.9486,   Schur error: 35.7184,   S error: 5.3701
S_next: tensor([61.5332, 40.8097, 40.8143, 40.8692, 40.8097, 61.4900, 40.7737, 40.8338,
        40.8143, 40.7737, 61.4654, 40.8870, 40.8692, 40.8338, 40.8870, 61.3324],
       device='cuda:0')
R_01_next: tensor([80.6873, 77.1891, 77.1580, 77.2079, 76.9629, 80.4259, 76.9313, 76.9922,
        77.0934, 77.1039, 80.5160, 77.0914, 77.4601, 77.4713, 77.5045, 81.0897],
       device='cuda:0')
schur_next: tensor([256.5219, 162.8295, 162.8535, 162.9251, 162.8295, 256.7345, 162.1329,
        162.3768, 162.8536, 162.1330, 255.8033, 163.3497, 162.9252, 162.3768,
        163.3496, 256.2679], device='cuda:0')
  --sphere_n_batches: 5020, n_points: 4015905088
  --sphere_n_batches: 10040, n_points: 4015905088
[Iter 38]     R01 error: 7.0659,   Schur error: 37.1895,   S error: 5.4866
S_next: tensor([63.3024, 42.0174, 42.0248, 42.0846, 42.0175, 63.2579, 41.9804, 42.0462,
        42.0248, 41.9804, 63.2347, 42.1067, 42.0847, 42.0461, 42.1067, 63.0895],
       device='cuda:0')
R_01_next: tensor([82.5077, 78.9325, 78.8988, 78.9525, 78.6865, 82.2232, 78.6539, 78.7193,
        78.8418, 78.8533, 82.3369, 78.8418, 79.2296, 79.2424, 79.2775, 82.9445],
       device='cuda:0')
schur_next: tensor([269.0659, 170.7611, 170.8071, 170.8950, 170.7619, 269.2876, 170.0076,
        170.2964, 170.8072, 170.0069, 268.2109, 171.4184, 170.8956, 170.2962,
        171.4189, 268.7224], device='cuda:0')
  --sphere_n_batches: 5020, n_points: 4015905088
  --sphere_n_batches: 10040, n_points: 4015905088
[Iter 39]     R01 error: 7.1879,   Schur error: 38.7262,   S error: 5.6082
S_next: tensor([65.1106, 43.2517, 43.2621, 43.3269, 43.2517, 65.0650, 43.2137, 43.2852,
        43.2621, 43.2137, 65.0439, 43.3536, 43.3269, 43.2852, 43.3535, 64.8855],
       device='cuda:0')
R_01_next: tensor([84.3592, 80.7055, 80.6692, 80.7267, 80.4387, 84.0505, 80.4054, 80.4753,
        80.6213, 80.6340, 84.1902, 80.6234, 81.0300, 81.0445, 81.0813, 84.8319],
       device='cuda:0')
schur_next: tensor([282.1392, 179.0163, 179.0867, 179.1913, 179.0162, 282.3675, 178.2016,
        178.5390, 179.0867, 178.2016, 281.1325, 179.8247, 179.1911, 178.5388,
        179.8245, 281.6929], device='cuda:0')
  --sphere_n_batches: 5020, n_points: 4015905088
  --sphere_n_batches: 10040, n_points: 4015905088
[Iter 40]     R01 error: 7.3144,   Schur error: 40.3280,   S error: 5.7337
S_next: tensor([66.9590, 44.5133, 44.5270, 44.5969, 44.5134, 66.9130, 44.4745, 44.5520,
        44.5270, 44.4745, 66.8942, 44.6284, 44.5969, 44.5520, 44.6285, 66.7218],
       device='cuda:0')
R_01_next: tensor([86.2429, 82.5093, 82.4702, 82.5315, 82.2207, 85.9090, 82.1868, 82.2613,
        82.4330, 82.4471, 86.0773, 82.4373, 82.8624, 82.8789, 82.9173, 86.7529],
       device='cuda:0')
schur_next: tensor([295.7626, 187.6072, 187.7048, 187.8266, 187.6076, 295.9977, 186.7298,
        187.1195, 187.7050, 186.7295, 294.5880, 188.5817, 187.8270, 187.1194,
        188.5819, 295.2032], device='cuda:0')
  --sphere_n_batches: 5020, n_points: 4015905088
  --sphere_n_batches: 10040, n_points: 4015905088
[Iter 41]     R01 error: 7.4450,   Schur error: 41.9902,   S error: 5.8632
S_next: tensor([68.8488, 45.8032, 45.8204, 45.8955, 45.8032, 68.8029, 45.7636, 45.8472,
        45.8205, 45.7637, 68.7870, 45.9322, 45.8955, 45.8473, 45.9322, 68.5997],
       device='cuda:0')
R_01_next: tensor([88.1599, 84.3448, 84.3027, 84.3679, 84.0335, 87.7998, 83.9993, 84.0784,
        84.2779, 84.2936, 87.9992, 84.2845, 84.7278, 84.7465, 84.7863, 88.7086],
       device='cuda:0')
schur_next: tensor([309.9581, 196.5477, 196.6749, 196.8138, 196.5479, 310.1983, 195.6040,
        196.0498, 196.6757, 195.6047, 308.5988, 197.7029, 196.8142, 196.0502,
        197.7026, 309.2727], device='cuda:0')
  --sphere_n_batches: 5020, n_points: 4015905088
  --sphere_n_batches: 10040, n_points: 4015905088
[Iter 42]     R01 error: 7.5789,   Schur error: 43.7240,   S error: 5.9975
S_next: tensor([70.7815, 47.1223, 47.1434, 47.2237, 47.1223, 70.7365, 47.0823, 47.1721,
        47.1434, 47.0823, 70.7238, 47.2658, 47.2238, 47.1721, 47.2658, 70.5208],
       device='cuda:0')
R_01_next: tensor([90.1109, 86.2129, 86.1675, 86.2367, 85.8781, 89.7238, 85.8437, 85.9275,
        86.1569, 86.1743, 89.9566, 86.1658, 86.6270, 86.6481, 86.6892, 90.6998],
       device='cuda:0')
schur_next: tensor([324.7504, 205.8529, 206.0117, 206.1677, 205.8531, 324.9959, 204.8407,
        205.3465, 206.0122, 204.8409, 323.1862, 207.2023, 206.1683, 205.3468,
        207.2023, 323.9268], device='cuda:0')
  --sphere_n_batches: 5020, n_points: 4015905088
  --sphere_n_batches: 10040, n_points: 4015905088
[Iter 43]     R01 error: 7.7161,   Schur error: 45.5308,   S error: 6.1355
S_next: tensor([72.7581, 48.4716, 48.4968, 48.5824, 48.4716, 72.7150, 48.4312, 48.5274,
        48.4968, 48.4312, 72.7059, 48.6300, 48.5825, 48.5274, 48.6300, 72.4862],
       device='cuda:0')
R_01_next: tensor([92.0969, 88.1142, 88.0654, 88.1386, 87.7553, 91.6820, 87.7211, 87.8094,
        88.0708, 88.0900, 91.9506, 88.0821, 88.5608, 88.5847, 88.6267, 92.7273],
       device='cuda:0')
schur_next: tensor([340.1645, 215.5385, 215.7314, 215.9038, 215.5387, 340.4131, 214.4547,
        215.0241, 215.7316, 214.4547, 338.3755, 217.0961, 215.9046, 215.0246,
        217.0966, 339.1893], device='cuda:0')
  --sphere_n_batches: 5020, n_points: 4015905088
  --sphere_n_batches: 10040, n_points: 4015905088
[Iter 44]     R01 error: 7.8565,   Schur error: 47.3868,   S error: 6.2762
S_next: tensor([74.7797, 49.8516, 49.8811, 49.9721, 49.8516, 74.7393, 49.8110, 49.9136,
        49.8812, 49.8111, 74.7343, 50.0254, 49.9721, 49.9136, 50.0253, 74.4967],
       device='cuda:0')
R_01_next: tensor([94.1185, 90.0496, 89.9972, 90.0744, 89.6661, 93.6754, 89.6321, 89.7251,
        90.0203, 90.0415, 93.9817, 90.0340, 90.5300, 90.5569, 90.5996, 94.7920],
       device='cuda:0')
schur_next: tensor([356.2191, 225.6150, 225.8439, 226.0320, 225.6148, 356.4689, 224.4564,
        225.0934, 225.8441, 224.4569, 354.1839, 227.3948, 226.0314, 225.0931,
        227.3941, 355.0764], device='cuda:0')
  --sphere_n_batches: 5020, n_points: 4015905088
  --sphere_n_batches: 10040, n_points: 4015905088
[Iter 45]     R01 error: 7.9988,   Schur error: 49.3175,   S error: 6.4211
S_next: tensor([76.8473, 51.2633, 51.2974, 51.3938, 51.2633, 76.8108, 51.2227, 51.3319,
        51.2974, 51.2227, 76.8104, 51.4528, 51.3937, 51.3318, 51.4527, 76.5539],
       device='cuda:0')
R_01_next: tensor([96.1761, 92.0193, 91.9631, 92.0444, 91.6110, 95.7044, 91.5775, 91.6751,
        92.0060, 92.0294, 96.0505, 92.0221, 92.5350, 92.5652, 92.6082, 96.8942],
       device='cuda:0')
schur_next: tensor([372.9381, 236.0975, 236.3645, 236.5668, 236.0977, 373.1882, 234.8622,
        235.5707, 236.3644, 234.8620, 370.6339, 238.1130, 236.5668, 235.5704,
        238.1128, 371.6165], device='cuda:0')
  --sphere_n_batches: 5020, n_points: 4015905088
  --sphere_n_batches: 10040, n_points: 4015905088
[Iter 46]     R01 error: 8.1429,   Schur error: 51.2974,   S error: 6.5679
S_next: tensor([78.9616, 52.7071, 52.7460, 52.8477, 52.7070, 78.9302, 52.6666, 52.7824,
        52.7459, 52.6666, 78.9348, 52.9125, 52.8477, 52.7823, 52.9125, 78.6584],
       device='cuda:0')
R_01_next: tensor([98.2703, 94.0240, 93.9638, 94.0493, 93.5904, 97.7698, 93.5578, 93.6600,
        94.0282, 94.0538, 98.1574, 94.0466, 94.5763, 94.6101, 94.6532, 99.0345],
       device='cuda:0')
schur_next: tensor([390.3417, 246.9974, 247.3043, 247.5199, 246.9971, 390.5872, 245.6814,
        246.4659, 247.3036, 245.6811, 387.7424, 249.2610, 247.5192, 246.4656,
        249.2610, 388.8258], device='cuda:0')
  --sphere_n_batches: 5020, n_points: 4015905088
  --sphere_n_batches: 10040, n_points: 4015905088
[Iter 47]     R01 error: 8.2879,   Schur error: 53.3499,   S error: 6.7179
S_next: tensor([81.1234, 54.1836, 54.2276, 54.3346, 54.1836, 81.0987, 54.1436, 54.2660,
        54.2276, 54.1435, 81.1087, 54.4053, 54.3346, 54.2659, 54.4053, 80.8111],
       device='cuda:0')
R_01_next: tensor([100.4012,  96.0636,  95.9992,  96.0890,  95.6050,  99.8719,  95.5734,
         95.6801,  96.0871,  96.1150, 100.3026,  96.1078,  96.6540,  96.6916,
         96.7344, 101.2128], device='cuda:0')
schur_next: tensor([408.4516, 258.3293, 258.6781, 258.9045, 258.3298, 408.6930, 256.9313,
        257.7958, 258.6778, 256.9306, 405.5341, 260.8545, 258.9035, 257.7944,
        260.8538, 406.7274], device='cuda:0')
  --sphere_n_batches: 5020, n_points: 4015905088
  --sphere_n_batches: 10040, n_points: 4015905088
[Iter 48]     R01 error: 8.4337,   Schur error: 55.4436,   S error: 6.8692
S_next: tensor([83.3331, 55.6931, 55.7425, 55.8548, 55.6932, 83.3166, 55.6538, 55.7829,
        55.7426, 55.6537, 83.3327, 55.9314, 55.8548, 55.7828, 55.9313, 83.0127],
       device='cuda:0')
R_01_next: tensor([102.5689,  98.1384,  98.0695,  98.1637,  97.6547, 102.0110,  97.6245,
         97.7356,  98.1828,  98.2132, 102.4862,  98.2057,  98.7684,  98.8101,
         98.8523, 103.4296], device='cuda:0')
schur_next: tensor([427.2843, 270.1016, 270.4939, 270.7292, 270.1028, 427.5182, 268.6183,
        269.5679, 270.4948, 268.6180, 424.0216, 272.9009, 270.7292, 269.5670,
        272.9001, 425.3406], device='cuda:0')
  --sphere_n_batches: 5020, n_points: 4015905088
  --sphere_n_batches: 10040, n_points: 4015905088
[Iter 49]     R01 error: 8.5791,   Schur error: 57.5852,   S error: 7.0221
S_next: tensor([85.5912, 57.2362, 57.2911, 57.4087, 57.2363, 85.5845, 57.1975, 57.3335,
        57.2912, 57.1975, 85.6072, 57.4909, 57.4087, 57.3334, 57.4909, 85.2637],
       device='cuda:0')
R_01_next: tensor([104.7734, 100.2483, 100.1747, 100.2734,  99.7398, 104.1871,  99.7112,
         99.8267, 100.3154, 100.3484, 104.7081, 100.3404, 100.9192, 100.9654,
        101.0065, 105.6845], device='cuda:0')
schur_next: tensor([446.8597, 282.3261, 282.7635, 283.0046, 282.3264, 447.0807, 280.7528,
        281.7924, 282.7643, 280.7532, 443.2205, 285.4083, 283.0047, 281.7922,
        285.4078, 444.6792], device='cuda:0')
  --sphere_n_batches: 5020, n_points: 4015905088
  --sphere_n_batches: 10040, n_points: 4015905088
[Iter 50]     R01 error: 8.7234,   Schur error: 59.7750,   S error: 7.1760
S_next: tensor([87.8980, 58.8130, 58.8737, 58.9963, 58.8130, 87.9030, 58.7752, 58.9180,
        58.8737, 58.7752, 87.9326, 59.0841, 58.9963, 58.9179, 59.0840, 87.5642],
       device='cuda:0')
R_01_next: tensor([107.0142, 102.3929, 102.3144, 102.4177, 101.8600, 106.4002, 101.8333,
        101.9531, 102.4844, 102.5199, 106.9679, 102.5112, 103.1063, 103.1572,
        103.1970, 107.9773], device='cuda:0')
schur_next: tensor([467.1937, 295.0113, 295.4964, 295.7399, 295.0117, 467.3970, 293.3457,
        294.4807, 295.4968, 293.3456, 463.1467, 298.3865, 295.7400, 294.4801,
        298.3862, 464.7621], device='cuda:0')

Running alpha = 4.4
******************** State evolution (α= 4.40, λ=0.0, R_00 = [14.24  13.58  13.58  14.24]) ********************
  --sphere_n_batches: 5020, n_points: 4015905088
  --sphere_n_batches: 10040, n_points: 4015905088
[Iter 1]     R01 error: 8.8662,   Schur error: 94.8684,   S error: 13.6162
S_next: tensor([92.3048, 61.7968, 61.8651, 61.9956, 61.7968, 92.3237, 61.7593, 61.9123,
        61.8650, 61.7592, 92.3617, 62.0906, 61.9956, 61.9123, 62.0907, 91.9583],
       device='cuda:0')
R_01_next: tensor([109.2911, 104.5719, 104.4882, 104.5963, 104.0151, 108.6498, 103.9904,
        104.1146, 104.6897, 104.7277, 109.2654, 104.7182, 105.3292, 105.3851,
        105.4230, 110.3075], device='cuda:0')
schur_next: tensor([499.4001, 315.1721, 315.7187, 315.9665, 315.1721, 499.5863, 313.3706,
        314.6345, 315.7180, 313.3700, 494.8107, 318.9319, 315.9667, 314.6346,
        318.9329, 496.6431], device='cuda:0')
  --sphere_n_batches: 5020, n_points: 4015905088
  --sphere_n_batches: 10040, n_points: 4015905088
[Iter 2]     R01 error: 10.6294,   Schur error: 76.1794,   S error: 11.5705
S_next: tensor([96.1093, 64.3029, 64.3773, 64.5124, 64.3030, 96.1482, 64.2642, 64.4242,
        64.3774, 64.2642, 96.1935, 64.6143, 64.5125, 64.4242, 64.6143, 95.7440],
       device='cuda:0')
R_01_next: tensor([112.0137, 107.1624, 107.0884, 107.1870, 106.5465, 111.2879, 106.5445,
        106.6609, 107.3459, 107.3901, 112.0436, 107.3776, 108.0359, 108.0957,
        108.1383, 113.1417], device='cuda:0')
schur_next: tensor([526.0178, 331.0424, 331.6979, 331.7733, 331.0435, 526.0388, 329.2213,
        330.4907, 331.6989, 329.2213, 520.6038, 335.1377, 331.7740, 330.4903,
        335.1375, 522.8160], device='cuda:0')
  --sphere_n_batches: 5020, n_points: 4015905088
  --sphere_n_batches: 10040, n_points: 4015905088
[Iter 3]     R01 error: 10.8444,   Schur error: 78.2127,   S error: 11.7320
S_next: tensor([ 99.9306,  66.8471,  66.9394,  67.0780,  66.8471, 100.0042,  66.8185,
         66.9856,  66.9395,  66.8186, 100.0582,  67.1945,  67.0780,  66.9856,
         67.1945,  99.5531], device='cuda:0')
R_01_next: tensor([114.7890, 109.8125, 109.7285, 109.8394, 109.1489, 113.9996, 109.1504,
        109.2804, 110.0708, 110.1212, 114.8725, 110.1059, 110.7746, 110.8434,
        110.8715, 116.0124], device='cuda:0')
schur_next: tensor([553.1078, 347.3740, 348.2005, 348.1120, 347.3735, 552.9567, 345.6034,
        346.9306, 348.2007, 345.6037, 546.9283, 351.9886, 348.1122, 346.9310,
        351.9888, 549.4362], device='cuda:0')
  --sphere_n_batches: 5020, n_points: 4015905088
  --sphere_n_batches: 10040, n_points: 4015905088
[Iter 4]     R01 error: 10.9530,   Schur error: 81.0080,   S error: 11.9989
S_next: tensor([103.8131,  69.4585,  69.5705,  69.7135,  69.4585, 103.9312,  69.4417,
         69.6187,  69.5705,  69.4416, 103.9841,  69.8457,  69.7135,  69.6187,
         69.8458, 103.4267], device='cuda:0')
R_01_next: tensor([117.5887, 112.4902, 112.4045, 112.5158, 111.7830, 116.7434, 111.7980,
        111.9289, 112.8108, 112.8654, 117.7252, 112.8435, 113.5430, 113.6205,
        113.6465, 118.9101], device='cuda:0')
schur_next: tensor([581.0522, 364.3572, 365.3386, 365.1201, 364.3571, 580.7026, 362.6281,
        364.0801, 365.3380, 362.6276, 573.9786, 369.5183, 365.1199, 364.0803,
        369.5190, 576.9056], device='cuda:0')
  --sphere_n_batches: 5020, n_points: 4015905088
  --sphere_n_batches: 10040, n_points: 4015905088
[Iter 5]     R01 error: 11.0273,   Schur error: 83.6989,   S error: 12.2305
S_next: tensor([107.7504,  72.1282,  72.2609,  72.4080,  72.1283, 107.9207,  72.1240,
         72.3125,  72.2608,  72.1239, 107.9687,  72.5564,  72.4081,  72.3124,
         72.5565, 107.3559], device='cuda:0')
R_01_next: tensor([120.4056, 115.1871, 115.0923, 115.2146, 114.4387, 119.5093, 114.4613,
        114.6046, 115.5759, 115.6349, 120.5984, 115.6127, 116.3225, 116.4086,
        116.4241, 121.8210], device='cuda:0')
schur_next: tensor([609.8097, 381.9666, 383.1079, 382.7576, 381.9676, 609.2397, 380.2784,
        381.8870, 383.1073, 380.2769, 601.7980, 387.7059, 382.7582, 381.8867,
        387.7072, 605.1462], device='cuda:0')
  --sphere_n_batches: 5020, n_points: 4015905088
  --sphere_n_batches: 10040, n_points: 4015905088
[Iter 6]     R01 error: 11.0848,   Schur error: 86.0987,   S error: 12.4463
S_next: tensor([111.7441,  74.8506,  75.0040,  75.1559,  74.8506, 111.9725,  74.8588,
         75.0605,  75.0039,  74.8587, 112.0098,  75.3201,  75.1559,  75.0605,
         75.3202, 111.3435], device='cuda:0')
R_01_next: tensor([123.2354, 117.8994, 117.7993, 117.9247, 117.1087, 122.2906, 117.1446,
        117.2920, 118.3444, 118.4076, 123.4778, 118.3782, 119.1254, 119.2208,
        119.2337, 124.7539], device='cuda:0')
schur_next: tensor([639.3469, 400.1245, 401.4110, 400.9355, 400.1242, 638.5300, 398.4618,
        400.2617, 401.4102, 398.4612, 630.2941, 406.4262, 400.9360, 400.2626,
        406.4274, 634.1782], device='cuda:0')
